daire,esas_no,karar_no,karar_tarihi,karar_durumu,karar_metni
Sakarya Bölge Adliye Mahkemesi 7. Hukuk Dairesi,2023/992,2024/1434,24.10.2024,KESİNLEŞTİ,"T.C. SAKARYA BÖLGE ADLİYE MAHKEMESİ 7. HUKUK DAİRESİ
T.C.
SAKARYA
BÖLGE ADLİYE MAHKEMESİ
7. HUKUK DAİRESİ

DOSYA NO : 2023/992
KARAR NO : 2024/1434

T Ü R K M İ L L E T İ A D I N A
İ S T İ N A F K A R A R I

BAŞKAN :... (...)
ÜYE :... (...)
ÜYE :... (...)
KATİP :... (...)

İNCELENEN KARARIN
MAHKEMESİ :GEBZE ASLİYE TİCARET MAHKEMESİ
TARİHİ :16/03/2023
NUMARASI :2020/334 Esas - 2023/264 Karar

DAVACI :... - ...
VEKİLİ :Av. ... ...
DAVALI :... - ...
VEKİLİ :Av. ... - ...
DAVA :Tazminat
DAVA TARİHİ :30/06/2020

KARAR TARİHİ :24/10/2024
KR. YAZIM TARİHİ :22/11/2024
İstinaf incelemesi için dairemize gönderilen dosyanın ilk incelemesi tamamlanmış olmakla HMK'nın 353. ve 356. maddeleri gereğince; dosya içeriğine ve kararın niteliğine göre sonuca etkili olmadığından duruşma yapılmasına gerek görülmeden dosya üzerinden yapılan inceleme sonucunda;
GEREĞİ DÜŞÜNÜLDÜ:
TARAFLARIN İDDİA VE SAVUNMALARININ ÖZETİ:
Davacı vekili dava dilekçesinde özetle; Doğuş Otomotiv Servis ve Ticaret Anonim Şirketi'ne ait otomobillerin müvekkili şirket Eureko Sigorta A.Ş. tarafından Nakliyat Abonman Sigorta Poliçesi kapsamında sigortalandığını, taşıyıcı firmanın sorumluluğunda olan otomobillerin kara yolu nakliyesi sırasında hasara uğradığını, söz konusu araçlardaki zararların giderilmesi için davalı şirket ile arabuluculuk görüşmeleri gerçekleştirildiğini, ancak gerçekleştirilen görüşmelerin ""kısmi anlaşma"" veya ""anlaşmama"" ile neticelendiğini, işbu sebep ile aşağıda hasar dosya numaraları belirtilen dosyalara ilişkin meydana gelen hasar tazminatlarının karşılanması için davalı şirkete karşı toplu dava açıldığını, Türk Ticaret Kanunu'nun 875. Maddesi Taşıyıcının Sorumluluğu başlığı altında ''Madde 875– (1) Taşıyıcı, eşyanın taşınmak üzere teslim alınmasından, teslim edilmesine kadar geçecek süre içinde, eşyanın zıyaından, hasarından veya teslimindeki gecikmeden doğan zararlardan sorumludur.'' denildiğini, taşıyıcı ...'nin devraldığı otomobillerin taşıma işinden sorumlu olduğunu, davalının nakliyesini gerçekleştirdiği otomobilleri sigortalı şirketten hasarsız teslim aldığını, ancak teslim yerine getirildiğinde hasar meydana geldiğinin tespit edildiğini, hasara konu otomobillerin kara yolunda taşınması sırasında herhangi bir darbeye maruz kalmaması için gerekli dikkat ve özenin gösterilmesi gerektiğini, ancak davalı taşıyıcı firmanın, göstermediği özen neticesinde hasara konu araçların kara yolunda taşınması sırasında zarara uğramalarına sebebiyet verdiğini, sigortalı emtialarda muhtelif hasarlar meydana geldiğini, sigortalı şirkete ait otomobillerin hasara uğramasına sebep olan ...'nin TTK 875 uyarınca kusuru ile sorumlu olduğunu, söz konusu zararın, davalının hukuka aykırı eylemi ile meydana geldiğini, davalının, zararın oluşmasına %100 kusuru ile sebep olduğunu, sigortalı şirketin uğradığı zararın müvekkili şirketçe tespit edildiğini, yapılan inceleme sonucunda sigortalı şirkete ait otomobillerde toplam 338.407,50 TL hasar meydana geldiğinin tespit edildiğini, bu bedelin müvekkili tarafından poliçelere istinaden poliçe limitleri dâhilinde ödendiğini, sigortalının tüm dava ve talep haklarını müvekkili şirkete devir ve temlik ettiğini, böylece müvekkili şirketin TTK 1472. Maddesi uyarınca sigortalısının haklarına halefiyet ilkesi gereğince söz konusu alacağın, davalı şirketten talep edildiğini, ancak davalı şirketin, herhangi bir ödemede bulunmadığını, davalı ...'nin hasara konu otomobillerin karayolu nakliyesi sırasında hasara uğramasından kusuru ile sorumlu olduğunu, taşıma işini gerçekleştirirken gerekli dikkat ve özeni göstermeyen davalı şirketin, sigortalı şirkete ait araçların zarara uğramasına sebep olduğunu, bu durumda sigortalı şirket tarafından sigortalanmış araçlardaki bu zararı davalının ödeme tarihinden itibaren Türkiye Cumhuriyeti Merkez Bankasının uygulamış olduğu ticari işlerde uygulanan en yüksek avans faiz oranı ile birlikte gidermekle yükümlü olduğunu beyanla davanın kabulüne, 338.407,50-TL'nin ödeme tarihinden itibaren işleyecek ticari faizi ile birlikte davalı şirketten tahsiline, yargılama gideri ve vekalet ücretinin davalı üzerine bırakılmasına karar verilmesini talep ve dava etmiştir.
Davalı vekili cevap dilekçesinde özetle; davacı tarafın, araçların taşıma sırasında hasarlandığı iddiası ile TTK 1472/1 maddesine dayalı ve halefiyet ilkesi uyarınca dava dışı müşterilerine ödenen toplam 338.407,50 TL üzerinden başlatılan icra takibine itiraz sebebi ile itirazın kaldırılması amaçlı mezkur dosya ikame edildiğini, davacının taleplerinin reddi gerektiğini, icra takibinde borcun sebebinin taşıma hasarına istinaden rücuen tazminat olarak gösterildiğini, ancak iddiayı tevsik eder belgeler dosyada mevcut olmadığı gibi müvekkili davalıya da tebliğ edilmediğini, hasarların ayrıntıları hakkında da herhangi bir detay verilmediğini, bu sebeplerle vaki icra takibi üzerinden itirazın iptali davası açılarak icra takip dosyasında sunulmayan ve ayrımlaştırılmayan talep üzerinden bu kere dava ile talebin genişletilmesi yasağı adı altında talepte bulunulmasının hatalı olduğunu, bu minvalde talebin genişletilmesine de muvafakat etmediklerini, sigorta şirketinin rücu hakkının doğabilmesi için, öncelikle tazminat ödediği kişi ile sigortacı arasında zarar konusunu kapsayan bir sigorta sözleşmesinin mevcut olması gerektiğini, buna göre, zarar gören ile sigortacı arasında tazminat yükümlülüğünü doğuran bir sigorta sözleşmesi yoksa sigortacının tazminat ödeme yükümlülüğü doğmayacağından rücu hakkının da olmayacağını, öncelikle davacı şirket ile müşterisi arasında bu şekilde düzenlenmiş bir poliçe yoksa ödenen bedellerin müvekkili davalıdan talep edilmesinin mümkün olmayacağını, davacının ancak gerçek zararı müvekkili davalıdan talep etme hakkına haiz olduğunu, davacı ... şirketinin, sigortalısına daha fazla tazminat ödemiş olsa bile, kendisine ancak sigortalının uğradığı gerçek zarar karşılığını talep hakkı intikal edeceğini, bu bağlamda ödenen bedellerin gerçek ve piyasa koşullarına uygun bedeller olup olmadığı hususu belirlenmesi gerektiğini, tek taraflı düzenlenmiş ekspertiz ve benzeri delillerin müvekkili davalıya karşı ileri sürülmesinin mümkün olmadığını, müvekkili davalı şirketin, davaya konu edilen aracı sıfır km olarak gemiden üzerinde araç içinde branda ve kaplama olacak şekilde teslim alarak taşıması işini yüklendiğini, araç teslim alındığında üzerinde ve içinde brandası ve kaplaması olduğunu, müvekkili davacının araçların nakliyesini gerçekleştirdiğini, davaya konu edilen hasarların araç içi hasarlar olup müvekkili davalı şirketin yahut şirket çalışanı sürücünün araç içerisine müdahalesinin mümkün olmadığını, taşınan araçta olduğu iddia edilen hasarın bant altı hasar olup taşıma sırasında hasar gördüğü iddia edilen kısım kaplama olarak bilinen bant altında tespit edildiğini, müvekkili şirket çalışanın bant altında kalan hasarı teslim aldığı anda görmesinin mümkün olmadığını, bant altı hasarın taşıma hasarı olarak kabulünün mümkün olmadığını, sözleşmenin 6.5.1 maddesi uyarınca bant altı / branda altı hasarlardan taşıyıcı firmanın sorumlu olmadığının açık olduğunu, davacının, haksız itiraz sebebi ile ayrıca icra inkar tazminatı talep ettiğini, davacının iddia olunan hasarlar sebebi ile müvekkilinden herhangi bir alacağı olmadığını, alacak mevcut değilken yapılan icra takibine karşı süresinde borçları olmaması sebebi ile itiraz edilmediğini, bu sebeplerle davacının icra inkar tazminat talebinin yerinde olmadığını, aksine, haksız icra takibi yapılması sebebi ile davacının icra inkar tazminatına hükmedilmesi gerektiğini beyanla davanın reddini, davacının icra inkar tazminat talebinin reddini, davacı aleyhine %40 icra inkar tazminatına hükmedilmesini talep etmiştir.
İLK DERECE MAHKEMESİ KARARI ÖZETİ:
İlk derece mahkemesince; ""... 1-Davanın KABULÜNE, -3.902,69.-TL rücuen tazminatın, 28.06.2019 ödeme tarihinden, -1.283,18.-TL rücuen tazminatın, 31.10.2018 ödeme tarihinden, -3.546,13.-TL rücuen tazminatın, 21.12.2018 ödeme tarihinden, -920,14.-TL rücuen tazminatın,19.09.2018 ödeme tarihinden -238,89.-TL rücuen tazminatın,08.05.2019 ödeme tarihinden, -82,29.-TL rücuen tazminatın, 09.07.2018 ödeme tarihinden, -307,14.- TL rücuen tazminatın, 18.07.2018 ödeme tarihinden, -380,06.-TL rücuen tazminatın, 24.10.2018 ödeme tarihinden, -261,16.-TL rücuen tazminatın, 12.11.2018 ödeme tarihinden, -261,13.- TL rücuen tazminatın, 21.02.2019 ödeme tarihinden -1.141,90.- TL rücuen tazminatın, 29.06.2018 ödeme tarihinden, -314,54.-TL rücuen tazminatın, 08.10.2018 ödeme tarihinden, -984,65.-TL rücuen tazminatın, 21.02.2019 ödeme tarihinden, -1.227,26.-TL rücuen tazminatın, 08.10.2018 ödeme tarihinden, -3.760,90.-TL rücuen tazminatın, 12.07.2018 ödeme tarihinden -736,55.-TL rücuen tazminatın, 15.04.2019 ödeme tarihinden, -576,65.-TL rücuen tazminatın, 05.10.2018 ödeme tarihinden, -590,87.-TL rücuen tazminatın, 08.10.2018 ödeme tarihinden, -462,11.-TL rücuen tazminatın, 10.01.2019 ödeme tarihinden, -55,97.-TL rücuen tazminatın, 06.07.2018 ödeme tarihinden, -1.898,55.-TL rücuen tazminatın, 09.07.2018 ödeme tarihinden, -84,42.-TL rücuen tazminatın, 23.07.2018 ödeme tarihinden, -542,02.- TL rücuen tazminatın, 08.10.2018 ödeme tarihinden, -1.176,12.- TL rücuen tazminatın, 16.11.2018 ödeme tarihinden, -934,40.-TL rücuen tazminatın, 01.08.2018 ödeme tarihinden, -281,50.-TL rücuen tazminatın, 19.06.2018 ödeme tarihinden, -50,50.- TL rücuen tazminatın, 29.06.2018 ödeme tarihinden, -1.105,00.-TL rücuen tazminatın, 24.10.2018 ödeme tarihinden, -2.536,85.-TL rücuen tazminatın, 22.10.2018 ödeme tarihinden, -698,42.- TL rücuen tazminatın, 08.10.2018 ödeme tarihinden, -3.701,48.-TL rücuen tazminatın, 28.06.2018 ödeme tarihinden, -354,76.-TL rücuen tazminatın, 26.06.2018 ödeme tarihinden, -219,56.-TL rücuen tazminatın, 06.07.2018 ödeme tarihinden, -352,04.-TL rücuen tazminatın, 07.06.2018 ödeme tarihinden, -1.082,13.-TL rücuen tazminatın, 24.10.2018 ödeme tarihinden, -685,06.-TL rücuen tazminatın, 05.10.2018 ödeme tarihinden, -405,00.-TL rücuen tazminatın, 18.05.2018 ödeme tarihinden, -33,41.-TL rücuen tazminatın, 21.05.2018 ödeme tarihinden, -770,80.-TL rücuen tazminatın, 20.09.2018 ödeme tarihinden, -576,11.-TL rücuen tazminatın, 20.09.2018 ödeme tarihinden, -195,43.-TL rücuen tazminatın, 18.04.2019 ödeme tarihinden, -148,82.-TL rücuen tazminatın, 17.04.2019 ödeme tarihinden, -390,09.-TL rücuen tazminatın, 05.10.2018 ödeme tarihinden, -857,86.-TL rücuen tazminatın, 07.12.2018 ödeme tarihinden, -2.164,01.-TL rücuen tazminatın, 15.05.2018 ödeme tarihinden, -229,50.-TL rücuen tazminatın, 05.07.2018 ödeme tarihinden, -1.599,78.-TL rücuen tazminatın, 03.05.2019 ödeme tarihinden, -311,07.-TL rücuen tazminatın, 02.05.2019 ödeme tarihinden, -3.200,65.-TL rücuen tazminatın, 23.05.2019 ödeme tarihinden, -2.531,22.-TL rücuen tazminatın, 18.04.2019 ödeme tarihinden, -518,86.-TL rücuen tazminatın, 30.05.2019 ödeme tarihinden, -1.146,56.-TL rücuen tazminatın, 03.05.2019 ödeme tarihinden, -496,20.-TL rücuen tazminatın, 16.05.2019 ödeme tarihinden, -419,70.-TL rücuen tazminatın, 31.05.2019 ödeme tarihinden, -919,36.-TL rücuen tazminatın, 28.05.2019 ödeme tarihinden, -1.203,60.-TL rücuen tazminatın, 30.05.2019 ödeme tarihinden, -400,29.-TL rücuen tazminatın, 02.05.2019 ödeme tarihinden, -3.749,89.-TL rücuen tazminatın, 24.05.2019 ödeme tarihinden, -354,56.-TL rücuen tazminatın, 20.03.2019 ödeme tarihinden, -571,58.-TL rücuen tazminatın, 20.03.2019 ödeme tarihinden, -8.794,76.-TL rücuen tazminatın, 20.03.2019 ödeme tarihinden, -12.490,84.-TL rücuen tazminatın, 20.03.2019 ödeme tarihinden, -4.414,83.-TL rücuen tazminatın, 11.03.2019 ödeme tarihinden, -17.079,40.-TL rücuen tazminatın, 26.03.2019 ödeme tarihinden, -749,45.-TL rücuen tazminatın, 16.05.2019 ödeme tarihinden, -191,96.-TL rücuen tazminatın, 20.03.2019 ödeme tarihinden, -854,49.-TL rücuen tazminatın, 26.03.2019 ödeme tarihinden, -728,09.-TL rücuen tazminatın, 16.05.2019 ödeme tarihinden, -2.342,87.-TL rücuen tazminatın, 23.05.2019 ödeme tarihinden, -685,66.-TL rücuen tazminatın, 27.03.2019 ödeme tarihinden, -952,08.-TL rücuen tazminatın, 23.01.2019 ödeme tarihinden, -2.115,69.-TL rücuen tazminatın, 07.05.2019 ödeme tarihinden, -674,82.-TL rücuen tazminatın, 15.03.2019 ödeme tarihinden, -3.028,19.-TL rücuen tazminatın, 17.04.2019 ödeme tarihinden, -178,10.-TL rücuen tazminatın, 20.03.2019 ödeme tarihinden, -1.103,97.-TL rücuen tazminatın,11.03.2019 ödeme tarihinden, -295,20.-TL rücuen tazminatın, 18.04.2019 ödeme tarihinden, -3.590,13.-TL rücuen tazminatın, 20.03.2019 ödeme tarihinden, -1.100,35.-TL rücuen tazminatın, 20.06.2019 ödeme tarihinden, -606,23.-TL rücuen tazminatın, 16.05.2019 ödeme tarihinden, -64,89.-TL rücuen tazminatın, 19.04.2019 ödeme tarihinden, -2.114,13.-TL rücuen tazminatın, 14.03.2019 ödeme tarihinden, -5.460,76.-TL rücuen tazminatın, 18.02.2019 ödeme tarihinden, -212,52.-TL rücuen tazminatın, 22.02.2019 ödeme tarihinden, -3.243,76.-TL rücuen tazminatın,13.02.2019 ödeme tarihinden, -3.361,20.-TL rücuen tazminatın, 26.03.2019 ödeme tarihinden, -343,49.-TL rücuen tazminatın, 28.01.2019 ödeme tarihinden, -676,89.-TL rücuen tazminatın, 15.03.2019 ödeme tarihinden, -235,57.-TL rücuen tazminatın, 28.01.2019 ödeme tarihinden, -5.438,92.-TL rücuen tazminatın, 21.02.2019 ödeme tarihinden, -466,85.-TL rücuen tazminatın, 21.02.2019 ödeme tarihinden, -163,35.-TL rücuen tazminatın, 22.03.2019 ödeme tarihinden, -961,21.-TL rücuen tazminatın, 14.03.2019 ödeme tarihinden, -697,63.-TL rücuen tazminatın, 21.06.2019 ödeme tarihinden, -639,20.-TL rücuen tazminatın, 14.04.2019 ödeme tarihinden, -375,74.-TL rücuen tazminatın, 06.05.2019 ödeme tarihinden, -1.814,48.-TL rücuen tazminatın, 04.09.2018 ödeme tarihinden, -677,45.-TL rücuen tazminatın, 22.10.2018 ödeme tarihinden, -130,09.-TL rücuen tazminatın, 20.09.2018 ödeme tarihinden, -1.596,10.-TL rücuen tazminatın, 12.10.2018 ödeme tarihinden, -807,76.-TL rücuen tazminatın, 16.05.2019 ödeme tarihinden, -270,81.-TL rücuen tazminatın, 16.08.2018 ödeme tarihinden, -228,96.-TL rücuen tazminatın, 17.08.2018 ödeme tarihinden, -1.250,17.-TL rücuen tazminatın, 07.12.2018 ödeme tarihinden, -1.048,40.-TL rücuen tazminatın, 22.10.2018 ödeme tarihinden, -12,44.-TL rücuen tazminatın, 08.10.2018 ödeme tarihinden, -385,91.-TL rücuen tazminatın, 12.11.2018 ödeme tarihinden, -429,91.-TL rücuen tazminatın, 08.10.2018 ödeme tarihinden, -1.246,42.-TL rücuen tazminatın, 13.11.2018 ödeme tarihinden, -107,46.-TL rücuen tazminatın, 23.07.2018 ödeme tarihinden, -55.233,42.-TL rücuen tazminatın, 14.02.2019 ödeme tarihinden, -837,12.-TL rücuen tazminatın, 19.04.2019 ödeme tarihinden, -443,54.-TL rücuen tazminatın, 18.12.2018 ödeme tarihinden, -521,83.-TL rücuen tazminatın, 16.05.2019 ödeme tarihinden, -2.346,07.-TL rücuen tazminatın, 19.04.2019 ödeme tarihinden, -606,81.-TL rücuen tazminatın, 11.03.2019 ödeme tarihinden, -505,33.-TL rücuen tazminatın, 14.03.2019 ödeme tarihinden, -921,01.-TL rücuen tazminatın, 25.04.2019 ödeme tarihinden, -3.067,59.-TL rücuen tazminatın, 11.03.2019 ödeme tarihinden, -2.328,03.-TL rücuen tazminatın, 18.12.2018 ödeme tarihinden, -3.367,39.-TL rücuen tazminatın, 12.04.2019 ödeme tarihinden, -819,09.-TL rücuen tazminatın,18.01.2019 ödeme tarihinden, -1.099,84.-TL rücuen tazminatın, 18.01.2019 ödeme tarihinden, -2.138,73.-TL rücuen tazminatın, 12.04.2019 ödeme tarihinden, -445,50.-TL rücuen tazminatın, 11.03.2019 ödeme tarihinden, -1.495,64.-TL rücuen tazminatın, 19.04.2019 ödeme tarihinden, -9.780,74.-TL rücuen tazminatın, 12.02.2019 ödeme tarihinden, -350,74.-TL rücuen tazminatın, 15.03.2019 ödeme tarihinden, -82,15.-TL rücuen tazminatın, 11.03.2019 ödeme tarihinden, -607,59.-TL rücuen tazminatın, 13.02.2019 ödeme tarihinden, -1.552,71.-TL rücuen tazminatın, 07.01.2019 ödeme tarihinden, -787,54.-TL rücuen tazminatın, 21.02.2019 ödeme tarihinden, -6.205,25.-TL rücuen tazminatın, 25.01.2019 ödeme tarihinden, -1.069,36.-TL rücuen tazminatın, 10.05.2019 ödeme tarihinden, -398,26.-TL rücuen tazminatın, 07.09.2017 ödeme tarihinden, -1.070,09.-TL rücuen tazminatın, 22.09.2017 ödeme tarihinden, -180,90.-TL rücuen tazminatın, 07.06.2017 ödeme tarihinden, -354,84.-TL rücuen tazminatın, 11.10.2017 ödeme tarihinden, -1.592,82.-TL rücuen tazminatın, 24.08.2017 ödeme tarihinden, -83,98.-TL rücuen tazminatın, 07.08.2017 ödeme tarihinden, -345,69.-TL rücuen tazminatın, 18.08.2017 ödeme tarihinden, -601,15.-TL rücuen tazminatın, 17.08.2017 ödeme tarihinden, -897,62.-TL rücuen tazminatın, 17.07.2017 ödeme tarihinden, -1.674,47.-TL rücuen tazminatın, 07.09.2017 ödeme tarihinden, -610,27.-TL rücuen tazminatın, 21.09.2017 ödeme tarihinden, -2.732,61.-TL rücuen tazminatın, 25.08.2017 ödeme tarihinden, -1.557,07.-TL rücuen tazminatın, 11.09.2017 ödeme tarihinden, -385,60.-TL rücuen tazminatın, 12.10.2017 ödeme tarihinden, -949,02.-TL rücuen tazminatın, 21.08.2017 ödeme tarihinden, -3.264,31.-TL rücuen tazminatın, 05.09.2017 ödeme tarihinden, -479,17.-TL rücuen tazminatın, 17.08.2017 ödeme tarihinden, -581,91.-TL rücuen tazminatın, 22.08.2017 ödeme tarihinden, -4.181,73.-TL rücuen tazminatın, 26.10.2017 ödeme tarihinden, -222,79.-TL rücuen tazminatın, 12.09.2017 ödeme tarihinden, -797,51.-TL rücuen tazminatın, 09.10.2017 ödeme tarihinden, -51,57.-TL rücuen tazminatın, 12.09.2017 ödeme tarihinden, -739,17.-TL rücuen tazminatın, 12.10.2017 ödeme tarihinden, -471,79.-TL rücuen tazminatın, 24.08.2017 ödeme tarihinden, -1.102,21.-TL rücuen tazminatın, 25.08.2017 ödeme tarihinden, -276,14.-TL rücuen tazminatın, 26.10.2017 ödeme tarihinden, -279,85.-TL rücuen tazminatın, 23.08.2017 ödeme tarihinden, -270,00.-TL rücuen tazminatın, 02.11.2017 ödeme tarihinden, -270,00.-TL rücuen tazminatın, 30.10.2017 ödeme tarihinden, -270,00.-TL rücuen tazminatın, 30.10.2017 ödeme tarihinden, -270,00.-TL rücuen tazminatın, 30.10.2017 ödeme tarihinden, -504,14.-TL rücuen tazminatın, 06.10.2017 ödeme tarihinden, -360,45.-TL rücuen tazminatın, 31.10.2017 ödeme tarihinden, -12.339,00.-TL rücuen tazminatın, 25.06.2018 ödeme tarihinden, -289,55.-TL rücuen tazminatın, 20.09.2018 ödeme tarihinden, -365,01.-TL rücuen tazminatın, 13.04.2018 ödeme tarihinden, -472,76.-TL rücuen tazminatın, 25.07.2018 ödeme tarihinden, -808,55.-TL rücuen tazminatın, 21.05.2018 ödeme tarihinden, -2.217,46.-TL rücuen tazminatın, 19.09.2018 ödeme tarihinden, -105,56.-TL rücuen tazminatın, 09.04.2018 ödeme tarihinden, -1.164,37.-TL rücuen tazminatın, 09.04.2018 ödeme tarihinden, -491,13.-TL rücuen tazminatın, 09.04.2018 ödeme tarihinden, -491,13.-TL rücuen tazminatın, 09.04.2018 ödeme tarihinden, -1.099,97.-TL rücuen tazminatın, 05.12.2018 ödeme tarihinden, -274,99.-TL rücuen tazminatın, 13.11.2018 ödeme tarihinden, -393,29.-TL rücuen tazminatın, 27.04.2018 ödeme tarihinden, -393,29.-TL rücuen tazminatın, 27.04.2018 ödeme tarihinden, -903,00.-TL rücuen tazminatın, 09.04.2018 ödeme tarihinden, -1.131,45.-TL rücuen tazminatın, 16.04.2018 ödeme tarihinden, -359,55.-TL rücuen tazminatın, 19.03.2018 ödeme tarihinden, -334,91.-TL rücuen tazminatın, 18.05.2018 ödeme tarihinden, -585,90.-TL rücuen tazminatın, 19.03.2018 ödeme tarihinden, -331,83.-TL rücuen tazminatın, 05.07.2018 ödeme tarihinden, -2.365,34.-TL rücuen tazminatın, 04.05.2018 ödeme tarihinden, -1.076,03.-TL rücuen tazminatın, 19.03.2018 ödeme tarihinden, -428,47.-TL rücuen tazminatın, 18.05.2018 ödeme tarihinden itibaren değişen oranlarda işleyecek avans faizi ile birlikte davalıdan alınarak davacıya verilmesine ..."" şeklinde hüküm kurulmuştur.
İlk derece mahkemesince verilen karara karşı davalı vekili tarafından istinaf yoluna başvurulmuştur.
İLERİ SÜRÜLEN İSTİNAF SEBEPLERİ:
Davalı vekili istinaf dilekçesinde özetle; ilk derece mahkemesince eksik araştırma ve değerlendirmelerle hazırlanan bilirkişi kök ve ek raporunu gözeterek hüküm kurulduğunu, dosya kapsamında alınan bilirkişi ek ve kök raporlarına yapılan itirazlarda da belirtildiği üzere davalı işverenliğin dava konusu hasarların tamamından sorumlu tutulabilmesinin mümkün olmadığını ancak hükme esas alınan ek raporda dosyaya davacı tarafça sunulan excel tablosu üzerinden yalnızca bedel hesaplaması yapıldığını, önceki raporlarda hasarların bir kısmından davalının sorumlu olmadığına ilişkin olarak yapılan değerlendirmelerin dikkate alınmadığını, taşıma sebebiyle ortaya çıkması mümkün olmayan bu zarardan davalının sorumlu tutulmuş olmasının hatalı olduğunu, davalının, dava dışı alıcıyla arasında mevcut anlaşma ve ticari teamüller gereği üstü açık araçlarla taşıma yapılması neticesinde meydana gelen olağan hasarlardan sorumlu tutulamayacağını, yerel mahkeme tarafından hüküm altına alınan nefaset indirimlerinin fahiş olduğunu belirterek; istinaf taleplerinin kabulüne, yerel mahkeme kararının kaldırılmasına karar verilmesi talebiyle istinaf yoluna başvurmuştur.
Davacı vekili cevap dilekçesinde özetle; davalının ilk derece mahkemesince yapılan incelemenin eksik ve hatalı olduğunu beyan etmiş ise de hasar ve kusur tespitine ilişkin muhtelif tarihlerde alınan raporlar ile itirazların değerlendirilerek davanın haklılığının ispatlandığını, davalı yükleme ve boşaltma işlemleri esnasında meydana gelen zararlardan sorumlu olmadığını ifade etmiş ise de dava dışı sigortalı Doğuş Otomotiv ile davalı Mertur arasında akdedilen sözleşmenin 5.25 ve 6.5.2 hükümleri ile ticari teamül gereği davalı tarafın söz konusu hasarlardan sorumlu olduğunu, davalının dilekçesinde belirtilen, hasar çeşitleri taş izi sebebiyle meydana gelebilecek hasarlar olmamakla birlikte mahkemece bilirkişi raporu doğrultusunda taş izi hasarlarının davalının sorumluluğunda olmadığına karar verildiğini, davalı ile davacı ... şirketinin aynı hukuki ihtilafa konu olan pek çok hasar dosyası bulunduğunu, bu hasar dosyalarından bir kısmının daha önceki tarihlerde aynı mahkemede yargılamaya konu olduğunu ve davanın kabulüne karar verildiğini, söz konusu kararlara ilişkin davalının istinaf başvurusunun da haksız görüldüğünü, davalının iddialarının reddedildiğini, dava dışı sigortalı Doğuş Otomotiv'in alanında öncü ve lider konumda olan bir şirket olduğunu, araçlarda meydana gelen hasarlar alanında uzman ve bağımsız eksperler tarafından incelendiğini, söz konusu incelemelere bilirkişi heyetinin de mutabık kaldığını belirterek; haksız istinaf başvurusunun reddine karar verilmesini talep etmiştir.
DELİLLER:Gebze Asliye Ticaret Mahkemesi'nin 16/03/2023 tarih, 2020/334 Esas - 2023/264 Karar sayılı kararı ve tüm dosya kapsamı.
DELİLLERİN DEĞERLENDİRİLMESİ VE GEREKÇE:
Dava; taşıma sözleşmesi nedeniyle sigortalının hasar gören aracı için davacının ödediği bedelin, TTK. 1472 maddesi uyarınca sorumludan tahsili istemine ilişkindir.
İlk derece mahkemesince davanın kabulüne karar verilmiş karara karşı davalı vekili tarafından istinaf yoluna başvurulmuştur.
İnceleme; 6100 sayılı HMK'nın 355. madde hükmü uyarınca, istinaf dilekçesinde belirtilen sebeplerle sınırlı olarak ve kamu düzenine aykırı hususların olup olmadığı gözetilerek yapılmıştır.
Dosyanın incelemesinde; davacı ile dava dışı Doğuş Otomotiv Servis ve Tic. A.Ş. arasında Nakliyat Abonman Sigorta poliçesi bulunduğu, yine davalı ile Doğuş Otomotiv Servis ve Tic. A.Ş. Arasında Araç Taşıma Sözleşmesi bulunduğu, davalının bu sözleşme kapsamında dava dışı Doğuş Otomotiv Servis ve Tic. A.Ş. tarafından yurtdışından ithal edilen araçları limandan alıp istenilen yerlere taşıdığı, bir kısım taşımalarda hasar oluştuğuna dair sigorta şirketine yapılan ihbarlar üzerine sigorta şirketi tarafından hasar dosyaları açılıp poliçe kapsamında olduğu kabul edilen hasarların dava dışı şirkete ödendiği ve eldeki dava ile bu ödemelerin davalıdan rücüan tahsilinin talep edildiği, davalı şirketin, davaya konu edilen aracı sıfır km olarak gemiden üzerinde araç içinde branda ve kaplama olacak şekilde teslim alarak taşıması işini yüklendiğini, araç teslim alındığında üzerinde ve içinde brandası ve kaplaması olduğunu, müvekkili davalının araçların nakliyesini gerçekleştirdiğini, davaya konu edilen hasarların araç içi hasarlar olup müvekkili davalı şirketin yahut şirket çalışanı sürücünün araç içerisine müdahalesinin mümkün olmadığını, taşınan araçta olduğu iddia edilen hasarın bant altı hasar olup taşıma sırasında hasar gördüğü iddia edilen kısım kaplama olarak bilinen bant altında tespit edildiğini, müvekkili şirket çalışanın bant altında kalan hasarı teslim aldığı anda görmesinin mümkün olmadığını, bant altı hasarın taşıma hasarı olarak kabulünün mümkün olmadığını, sözleşmenin 6.5.1 maddesi uyarınca bant altı / branda altı hasarlardan taşıyıcı firmanın sorumlu olmadığının açık olduğunu belirterek davanın reddini istediği, ilk derece mahkemesince bilirkişi heyetinden 16/06/2021, 20/01/2021 ve 17/04/2022 tarihli bilirkişi raporları ve dosya kapsamındaki ödemeler, deliller ile davalı ile dava dışı Doğuş Otomotiv Servis ve Tic. A.Ş. Arasındaki sözleşme hükümleri dikkate alınarak davanın kabulüne karar verildiği, karara karşı davalı vekilinin istinaf kanun yoluna başvurduğu anlaşılmıştır.
Dava, 6102 sayılı TTK'nın 850 vd. maddelerinde düzenlenen, taşıma işlerinden kaynaklanmaktadır. TTK'nın 863. maddesinde; sözleşmeden durumun gereğinden veya ticari teamülden aksi anlaşılmadıkça gönderenin eşyayı taşıma güvenliğine uygun biçimde araca koyarak, istifleyerek, sabitleyerek yüklemek ve aynı şekilde boşaltmak zorunda olduğu; taşıyıcının da ayrıca yüklemenin işletme güvenliğine uygun olmasını sağlamakla yükümlü olduğu belirtilmiştir. TTK.'da gönderenin kusursuz sorumluluğu halleri (m. 864), taşıyanın sorumluluğu (m. 875) ile tazminatın hesaplama yöntemi (m. 880), sorumluluk sınırları (m. 882), sorumluluğunun sınırlama hakkının kaydı (m. 886) halleri, açıkça düzenlenmiştir.

Davacı sigortacının taşıma işleminin tarafı olmaması nedeniyle uğradığı zararını taşıma işleminin taraflarından isteme hakkı vardır. Taşıma işleminin tarafları ise gönderen ve taşıyan olup sorumluluk halleri yukarıda açıklandığı gibidir.
Gönderen ile taşıyıcının zararın meydana gelmesindeki sorumluluklarının 6102 sayılı TTK'nın 863-(1) maddesi uyarınca; değerlendirilmesi gerekmektedir. Anılan hükümde, açıkça eşyayı ""taşıma güvenliğine uygun biçimde araca koyarak, istifleyerek, sabitleyerek yüklemek"" borcu gönderene yüklenmiştir.
Dava dışı sigortalı Doğuş Otomotiv Servis ve Ticaret A.Ş. ile davalı şirket arasında 25/03/2020 tarihli ""I. Bölge Yurtiçi Araç Taşıma Sözleşmesi"" imzalanmıştır. Sözleşmenin 5.25.5 maddesine göre; ""MERTUR gemi tahliye taşımaları için aşağıda belirtilen sayıda personeli liman sahasında görevlendirerek hazır bulunduracaktır. Liman sahasında tüm yasal iş akışını takip ve organize edecek, konulara vakıf yönetici seviyesinde bir personel, Araç yükleyen taşıyıcıların organizasyonunu sağlayacak bir yükleme sorumlusu."" Sözleşmenin 6.5.2 maddesine göre; ""Gemi ve lojistik saha hasarı dışında kalan, yükleme-boşaltma ve taşınma sırasında vuku bulabilecek, taşıyıcı şoförün ve MERTUR bünyesindeki diğer personel kusurundan dolayı oluşan hasarların tazmin edilebilmesi için gerekli tüm belge ve raporların, MERTUR tarafından temin edilmesi ve DOĞUŞ OTOMOTİV'in bilgilendirilmesi zorunludur. MERTUR, bu yükümlülüklerini yerine getirmemesi halinde DOĞUŞ OTOMOTİV'in uğrayacağı tüm zararların tazmininden sorumlu olacaktır."" Sözleşmenin 6.5.3 maddesine göre; ""MERTUR'a ait taşıyıcıların veya çalışanların hatasından kaynaklanan 0 sınıfı hasarların dışında kalan hasarlar için, DOĞUŞ OTOMOTİV'in araç bedeli üzerinden uyguladığı nefaset indirim tutarı DOĞUŞ OTOMOTİV'in anlaşmalı olduğu sigorta firması veya DOĞUŞ OTOMOTİV tarafından MERTUR'a rücu edilecektir. DOĞUŞ OTOMOTİV'in hasar sınıflarına göre uyguladığı nefaset oranları EK-E'de verilmiştir."" Sözleşmenin 6.5.5 maddesine göre; ""Taşıyıcıların seyri sırasında yoldan kaynaklanan taş hasarları mücbir sebepli hasar kabul edilerek bu hasarlarla ilgili onarım ve nefaset bedeli MERTUR'a rücu edilmeyecektir ve en önemlisi Sözleşmesin 6.4.1 maddesinde “…MERTUR aracı ilk teslim
aldığı andan aracı teslim edene kadar geçen süreçte yaptığı tüm taşımalardan dolayı
oluşacak hasar eksiklikten sorumlu olacaktır..""
Anılan hükümler ile sözleşme hükümleri birlikte değerlendirildiğinde, taraflar arasındaki sözleşmeyle yükleme sorumluluğunun tamamının dava dışı sigortalı şirkete bırakılmadığı, davalının yüklemeye en az bir tane yönetici konumunda personel ve diğer personelle nezaret etme yükümlülüğünün yüklendiği (sözleşme 5.25.5), nefaset indirimi ile mücbir sebep hallerinin düzenlendiği ve davalıdan kaynaklanmayan hasarların nasıl belgelendirileceğinin ve sorumluluk hallerinin sözleşmede açıklandığı (sözleşme 6.5.2) anlaşılmaktadır.
Mahkemece alınan 16/06/2021 tarihli kök rapor ve 20/01/2021 tarihli ek rapor ile;
Kök Raporda yapılan 39 (otuz dokuz) adet araca yönelik belirtilmiş olan 9 ( dokuz) adet
araca ait hasarların yükleme esnasında meydana gelmiş olmasının mümkün olmadığı,
(direksiyon, pas, kir vb.) bu kapsamda toplam 31 ( otuz bir) araçta meydana gelen toplam 38.741,17 TL zarardan fiili taşıyıcı olan davalının sorumlu olduğunu ve nefaset/ onarım miktarının piyasa
rayiçlerine uygun ve kadri marufunda bulunduğu, kök raporda sehven yapılmış olan maddi hatalar kapsamında 17057036 , 17046900, 17047784 17050563 , 18087829 numaralı hasar dosyalarına yönelik eksik olarak
hesaplanmış olan 3.738,07 TL’nin + 38.741,17 TL eklenmesi ile kök rapora ait 39 (otuz
dokuz) adet araca yönelik toplam hasar bedelinin yapılan düzeltme ile KDV dahil 42.479,24
TL olması gerektiği, ek rapora esas dosya muhteviyatına sunulmuş olan 8 (sekiz) adet klasör kapsamı
incelendiğinde ibraz edilen fatura, irsaliyeler ve fotoğrafların incelenmesi sonucu 179
(yüzyetmişdokuz) adet araçta muhtelif hasarların meydana gelmiş olduğu, bu hasarlardan 6 (altı) adet 18028642,18027305,18039495,18035367,18090183,18095001 no.lu hasar dosyalarında belirtilmiş olan direksiyon çizik, teyp çerçevesi çizik, ön
kaplama çizik, pas, kir vb. hasarların kök raporda da 39 ( otuz dokuz) adet araç için de
yapılan değerlendirmede olduğu gibi yükleme esnasında meydana gelmiş olmasının
mümkün olmadığı, bu hasar dosyalarına yönelik toplam talep edilmiş olan toplam zarar
bedelinin 10.042,46 TL olduğu, 18030105 ve 17141867 no.lu hasarlara yönelik faturaların dosya muhteviyatına
sunulmamış olduğundan değerlendirme yapılamadığı, faturalarda yazılı olan yedek parça fiyatlarının ... tarihleri itibariyle orijinal yedek parça
fiyatları, işçilik fiyatlarının yetkili servis işçilik fiyatları olduğu, nefaset indirimlerinin
araçların markaları, sıfır araç oldukları ve değerleri dikkate alındığında piyasa rayiçlerine
uygun olduğu, bu kapsamda ek rapora konu toplam 171 ( yüz yetmiş bir) adet araçta meydana gelen fiili taşıyıcı sorumluluğunda olan zarar toplamının KDV dahil 240.424,43 TL olduğu, bu nedenle Kök ve Ek Raporda belirtilen toplam 218 (iki yüz on sekiz) adet araçtan 15(on
beş) adet araca yönelik hasarın taşıma esnasında meydana gelmemiş olduğu, kalan 218 adet
– 16 adet = 202 adet – 2 ( 2 Adet Faturası olmayan hasar ) = 200 (iki yüz) adet araca yönelik hasar toplamının KDV dahil 42.479,24 TL + 240.424,43 TL = 282.903,67 TL zarardan fiili
taşıyıcı olan davalının sorumlu olduğu,
17/04/2022 tarihli bilirkişi kurulu 2. Ek raporu ile de; davacı vekilinin dilekçesinde ifade etmiş olduğu ek raporda eksik hesaplanan 12 adet hasar dosyası
tekrar incelendiği, ek raporumuzda hasar dosyaları içinde bulunan faturalardan sadece birer tanesinin
değerlendirilmiş olduğu, söz konusu dosyalarda hasar ve nefaset bedeli olmak üzere ikişer fatura
olduğunu, apılan inceleme sonucunda hasar miktarları ile nefaset bedellerinin uyumlu olduğunu, ek raporlarında hesaplaya dahil edilmemiş olan bedellerin toplamda 35.524,97 TL olduğu, 18044854 nolu hasar dosyasının incelenmesi sonucunda 5 adet araç için fatura düzenlenmiş olduğu, ek raporlarında kaza sonucunda hasara uğrayan araçlardan 34 BIK 835 plaka sayılı
araçta meydana gelen 8.936,47 TL tutarındaki hasarın hesaplamaya dahil edilmiş olduğu, diğer 4
araçta meydana gelen hasar miktarının hesaplamaya dahil edilmemiş olduğu anlaşılmış olup,
hesaplamaya dahil edilememiş olan araçlardaki hasar tutarının 39.377,08 TL olduğu,
ek raporlarının 4–37-155 sırasında yer alan hasar dosyalarındaki faturalar okunaklı olmadığı için
hesaplamaya dahil edilemediğini, inceleme bölümünde 3 adet dosyadaki faturanın okunamadığının, söz konusu 3 adet hasar dosyası kapsamında meydana gelen zarar miktarının 5.455,29 TL olduğu,
Sonuç itibariyle; kök ve 1.ek rapor sonucunda tespit edilen miktar 282.903,67 TL, eksik inceleme yapılan 12 hasar dosyası 35.524,97 TL, 18044854 nolu hasar dosyasında eksik inceleme yapılan 4 araç 39.377,08 TL, ek raporlarında faturası olmadığı/okunamadığı ifade edilen dosyalar 5.455,29 TL olmak üzere toplam 363.261,01 TL olduğu tespit edilmiştir.
Davalıya rücu edilebileceği kabul edilerek davalıya rücu edilebilecek hasarların tek tek belirlendiği, yapılan belirlemelerin kanun ve sözleşme hükümlerine uygun olduğu, bu kapsamda davalının yüklemeye nezaret etme sorumluluğu, kendinden kaynaklanmayan hasarlara ilişkin tutanaklar, araç içi hasarlar ve mücbir sebep hasarları ile sözleşme gereğince davalıya rücu edilebilecek nefaset indirimlerinin dikkate alındığı anlaşılmakla davalı vekilinin istinaf isteminin reddinin gerektiği anlaşılmıştır.
Her ne kadar davacı vekilince 19/10/2023 tarihinde Uyap sistemi üzerinden sulh protokolü ve feragatname sunulmuş ise de; sulh protokolü ve feragatname anlaşmasında belirtilen ödemeler gerçekleştikten sonra ""İş bu sulh protokolü ile Borçlu Gebze Asliye Ticaret Mahkemesi, 2020/334 esas numaralı Sakarya Bölge Adliye Mahkemesi 7. Hukuk Dairesi 2023/107 dosya numarası ile yaptığı istinaf başvurusundan feragat edecektir."" şeklinde koşullu sulh ve feragat anlaşması yapılmış ise de Dairemize ya da ilk derece mahkemesine koşulların gerçekleştiği ve davadan ve istinaftan feragat edildiğine dair dilekçe sunulmadığından dairemizce istinaf incelemesi esastan yapılmıştır.
Açıklanan nedenlerle; dosya kapsamına, kararın dayandığı delillerle, yasaya uygun gerektirici nedenlere, delillerin takdirinde bir isabetsizlik bulunmamasına ve ileri sürülen istinaf sebepleri dikkate alındığında; mahkemenin vakıa ve hukuki değerlendirmesinde; usul ve esas yönünden yasaya aykırılık bulunmamasına, HMK'nın 355. maddesi uyarınca; kamu düzenine ilişkin konularda da kararın esasına etkili bir aykırılık bulunmaması nazara alınarak; davalı vekilinin istinaf sebepleri yerinde görülmediğinden; istinaf başvurusunun esastan reddine karar verilmesi gerekmiştir.
H Ü K Ü M: Gerekçesi yukarıda açıklandığı üzere;
1-HMK'nın 353/1-b.1 maddesi uyarınca; davalının istinaf başvurusunun ESASTAN REDDİNE,
2-İstinaf kanun yoluna başvurma harcının hazineye gelir kaydına,
3-Alınması gereken 23.116,62-TL istinaf karar harcından, istinafa gelirken peşin alınan 5.779,20-TL'nin mahsubu ile kalan 17.337,42-TL istinaf karar harcının davalıdan alınarak hazineye irat kaydına, harç tahsili ve harç tahsil müzekkeresi yazılması işlemlerinin HMK'nın 302/5 maddesi uyarınca ilk derece mahkemesi tarafından yerine getirilmesine,
4-İstinaf eden tarafından istinaf kanun yoluna başvuru için yapılan masrafların kendi üzerinde bırakılmasına,
5-İstinaf eden tarafından yatırılan istinaf avansından kullanılmayan kısmının HMK'nın 333. maddesi uyarınca; karar kesinleştikten sonra ilk derece mahkemesince istinaf edene iadesine,
6-İstinaf incelemesi duruşmalı yapılmadığından vekalet ücreti takdirine yer olmadığına,
7-6100 sayılı HMK'nın 359/4 maddesi uyarınca; kararın ilk derece mahkemesince taraflara tebliğine,
8-Dosyanın mahkemesine gönderilmesine,
İlişkin; 6100 sayılı HMK'nın 362. maddesi gereğince dosya üzerinde yapılan inceleme sonucunda KESİN olmak üzere oy birliği ile karar verildi.24/10/2024

...
Başkan ...
¸e-imzalıdır
...
Üye ...
¸e-imzalıdır
...
Üye ...
¸e-imzalıdır
...
Katip ...
¸e-imzalıdır


* Bu belge, 5070 sayılı Kanun hükümlerine uygun olarak elektronik imza ile imzalanmıştır.*"
İstanbul Bölge Adliye Mahkemesi 40. Hukuk Dairesi,2021/269,2024/973,13.06.2024,KESİNLEŞTİ,"T.C.
İSTANBUL
BÖLGE ADLİYE MAHKEMESİ
40. HUKUK DAİRESİ
TÜRK MİLLETİ ADINA
BÖLGE ADLİYE MAHKEMESİ KARARI
DOSYA NO: 2021/269
KARAR NO: 2024/973
İNCELENEN KARARIN
MAHKEMESİ: İstanbul Anadolu 6. Asliye Ticaret Mahkemesi
TARİHİ: 14/10/2020
NUMARASI: 2016/1416 (E) - 2020/572 (K)
DAVANIN KONUSU: Maddi ve Manevi Tazminat
KARAR TARİHİ: 13/6/2024
Yukarıda yazılı İlk derece mahkemesi kararına karşı istinaf kanun yoluna başvurulması üzerine, Dairemiz Heyetince yapılan müzakere sonucunda;
GEREĞİ DÜŞÜNÜLDÜ Davacı vekili dava dilekçesinde özetle; davalı ... Limited Şirketine ait, davalı ... AŞ'ye Zorunlu Mali Sorumluluk Sigortası (ZMSS) ve İhtiyari Mali Sorumluluk Sigortası (İMSS) poliçesiyle sigortalı dava dışı sürücü ...'ın yönetimindeki ... plakalı otomobilin, davacılar ... ve ...un ile davacı ...'nin eşi, davacı ...'in ise babası olan ...'un yolcu olarak bulundukları ... plakalı otomobile çarparak, davacı ...'un %34 oranında sakat kalmasına, ...'un ise ölümüne neden olduğunu, müvekkillerinin başvurusu üzerine davalı ... AŞ'nin ödediği 107.833,36 TL destekten yoksun kalma tazminatının yetersiz olduğunu belirterek, fazlaya ilişkin hakları saklı kalmak koşuluyla, davacı ... için 1.000 TL sürekli sakatlık tazminatının, davacı ... için 1.000 TL destekten yoksun kalma tazminatının, davacı ... için 1.000 TL destekten yoksun kalma tazminatının davalılardan kazanın meydana geldiği 29/10/2014 gününden itibaren işleyecek avans faiziyle birlikte müştereken ve müteselsilen tahsiline; davacı ... için 100.000 TL, davacı ... için 100.000 TL manevi tazminatın davalı ... İthalat İhracat Limited Şirketi'nden tahsiline karar verilmesini talep etmiş; 26/11/2019 günü sunduğu dilekçeyle davacı ... için talep ettiği destekten yoksun kalma tazminatını 94.022,56 TL artırarak 95.022,56 TL'ye, davac ... için talep ettiği destekten yoksun kalma tazminatını 25.494,70 TL artırarak 26.494,70 TL'ye, davacı ... için talep ettiği sürekli iş göremezlik tazminatını 111.445,42 TL artırarak 112.445,42 TL'ye, davacı ... için talep ettiği geçici iş göremezlik tazminatını 18.942,10 TL'ye yükseltmiş; davacı ... için 1.000 TL manevi tazminatın İMSS poliçesi kapsamında davalı ... AŞ'den tahsiline karar verilmesini talep etmiştir. Davalı ... AŞ vekili cevap dilekçesinde davanın reddini savunmuştur. İlk derece mahkemesince, davacıların maddi tazminat taleplerinin reddine; 75.000 TL manevi tazminatın davalı ... İnşaat İthalat İhracat Limited Şirketi'nden 29/10/2014 gününden itibaren işleyecek avans faiziyle birlikte tahsil edilerek davacı ...'a verilmesine; 50.000 TL manevi tazminatın davalı ... İhracat Limited Şirketi'nden 29/10/2014 gününden itibaren işleyecek avans faiziyle birlikte tahsil edilerek davacı ...'a verilmesine karar verilmiştir. Bu karara karşı istinaf kanun yoluna başvuran davacı vekili dilekçesinde özetle; davalı işletene ait ... plakalı aracın ZMSS poliçesinde öngörülen ölüm-sakatlık teminat limitinin kişi başına 268.000 TL; İMSS poliçesinde öngörülen ölüm-sakatlık teminatının ise kişi başına 20.000 TL olduğunu; kazadan sonra davacıların başvurusu üzerine davalı ... AŞ'nin davacı ...'a 82.544,76 TL, davacı ...'a ise 25.288,60 TL olmak üzere toplam 107.833,36 TL destekten yoksun kalma tazminatı, davacı ...'un sürekli sakatlığı nedeniyle de 100.485,30 TL ödediğini, davalı ... AŞ'nin davacılar tarafından ibra edilmesine ilişkin ibranamenin makbuz niteliğini taşıdığını, 2918 sayılı Karayolları Trafik Kanunu'nun (KTK) 111'inci maddesi uyarınca tazminat miktarlarına ilişkin olup da yetersiz veya fahiş olduğu açıkça belli olan anlaşmalar veya uzlaşmaların yapıldıkları tarihten itibaren iki yıl içinde iptal edilebileceğini; davacı ...'un hem eşi ...'un ölümü hem de kendisinin yaralanmasından, davacı ...'un ise babasının ölümünden dolayı manevi tazminat talebinde bulunduklarını; ilk derece mahkemesinin davalı ... AŞ'nin ödediği meblağın KTK'nin 111'inci maddesinin 2'nci fıkrası uyarınca yetersiz olmadığı, ibra ile adı geçen sigorta şirketinin sorumluluğunun son bulduğu gerekçesiyle maddi tazminat taleplerini reddetmesinin usul ve yasaya aykırı olduğunu, ödeme tarihindeki verileri kullanarak yaptığı hesaplamaya göre davacılara ödenen tazminat tutarının gerçek zararı karşılamadığını tespit eden aktüerya hesap bilirkişisinin raporunda, müvekkili davacıların bakiye tazminat alacağının 121.517,26 TL; davacı ...'un bakiye sürekli iş göremezlik tazminatı ile geçici iş göremezlik tazminatı toplamının 131.387,52 TL olduğunun belirtildiğini, hesaplanan destekten yoksun kalma tazminatları ile davacı ... için hesaplanan sakatlık tazminatının kişi başı ölüm ve sakatlanma teminat limitleri dahilinde bulunduğunu; davalı ... şirketinin İMSS klozu kapsamında olay başına yıllık toplam 1.000 TL manevi tazminat limiti teminatı olduğunu beyan etmesine karşın, ilk derece mahkemesinin davalı ... aleyhine bu alacak kalemi yönünden karar vermemesinin de hatalı olduğunu belirterek, ilk derece mahkemesi kararının kaldırılmasını talep etmiştir. 6100 sayılı Hukuk Muhakemeleri Kanununun (HMK) 355'inci maddesi uyarınca ileri sürülen istinaf nedenleri ve kamu düzenine ilişkin konularla sınırlı biçimde yapılan incelemede: Dava, trafik kazasından kaynaklanan maddi ve manevi tazminat istemine ilişkindir. Davalı ... Limited Şirketine ait, davalı ... AŞ'ye ZMSS ve İMSS poliçeleriyle sigortalı dava dışı sürücü ...'ın yönetimindeki ... plakalı otomobilin, davacılar ... ve ...'un ile davacı ...'nin eşi, davacı ...'in ise babası olan ...'un yolcu olarak bulundukları ... plakalı otomobil karıştığı trafik kazasında davacıların mirasbırakanı ...'un öldüğü, davacı ...'un ise yaralandığı konusunda uyuşmazlık bulunmamaktadır. Somut olayda tartışılması gereken hukuki sorun, davalı ... AŞ tarafından davacılara ödenen tazminatların yetersiz olup olmadığına ve adı geçen davalı ... şirketinin manevi tazminattan sorumlu tutulup tutulmayacağına ilişkindir. Davalı ... tarafından davacılara 7/5/2015 günü 107.833,36 TL destekten yoksun kalma tazminatı, davacı ...'a ise 100.485,29 TL tutarında sürekli iş göremezlik tazminatı ödendiği anlaşılmıştır. Aktüerya hesap uzmanı bilirkişi tarafından düzenlenen raporda ise; davalı ... tarafından henüz dava açılmadan önce destekten yoksun kalma tazminatına ilişkin paranın ödendiği tarihteki veriler kullanılarak hesaplanan destekten yoksun kalma tazminatı tutarının ... için 101.994,55 TL, davacı ... için 30.247,28 TL olduğu, davalı ... tarafından davacı ... için 82.544,76 TL, davacı ... için ise 25.288,65 TL olmak üzere toplam 107.833,36 TL tazminat tutarının gerçek zararı karşılamadığı; rapor tarihindeki veriler kullanılarak 211.191,31 TL destekten yoksun kalma tazminatı alacağı olduğu hesaplanan davacı ...'un, davalı ... tarafından adı geçen davacıya ödenen 82.544,76 TL tazminat tutarının rapor tarihine kadar hesaplanan 33.623,99 TL yasal faiziyle birlikte güncellenmiş değeri olan 116.168,75 TL'nin tenzilinden sonra bakiye 95.022,56 TL destekten yoksun kalma tazminatı alacağının bulunduğu; rapor tarihindeki veriler kullanılarak 62.084,42 TL destekten yoksun kalma tazminatı alacağı olduğu hesaplanan davacı ...'un, davalı ... tarafından adı geçen davacıya ödenen 25.288,60 TL tazminat tutarının rapor tarihine kadar hesaplanan 10.301,12 TL yasal faiziyle birlikte güncellenmiş değeri olan 35.589,72 TL'nin tenzilinden sonra bakiye 26.499,70 TL destekten yoksun kalma tazminatı alacağının olduğu; davacı ... yönünden davalı ... tarafından henüz dava açılmadan önce sürekli iş göremezlik tazminatına ilişkin paranın ödendiği tarihteki veriler kullanılarak hesaplanan sürekli iş göremezlik tazminatı tutarının 156.317,28 TL, geçici iş göremezlik tazminatı tutarının 18.942,10 TL olduğu, davalı ... tarafından davacı ...'a ödenen 100.485,29 TL sürekli iş göremezlik tazminatı tutarının gerçek zararı karşılamadığı; rapor tarihindeki veriler kullanılarak 18.942,10 TL geçici iş göremezlik, 240.408,62 TL sürekli iş göremezlik tazminatı olmak üzere toplam 259.350,72 TL tazminat alacağı olduğu hesaplanan davacı ...'un, davalı ... tarafından adı geçen davacıya 1/11/2016 günü ödenen 100.485,29 TL tazminat tutarının hesaplanan 27.477,91 TL yasal faiziyle birlikte güncellenmiş değeri olan 127.923,20 TL'nin tenzilinden sonra bakiye 18.942,10 TL geçici iş göremezlik tazminatı, 112.445,42 TL sürekli iş göremezlik tazminatı olmak üzere toplam 131.387,52 TL geçici ve sürekli tazminattan kaynaklanan alacağın oluştuğu; rapor tarihindeki veriler kullanılarak hesaplanan bakiye destekten yoksun kalma tazminatı ile sakatlık tazminatı ve geçici iş göremezlik tazminatı tutarlarının bakiye teminat limitleri kapsamında bulunduğu bildirilmiştir. Yukarıda açıklanan aktüerya uzmanı bilirkişinin raporunda, desteğin gelirinin asgari ücret düzeyinde olduğu kabul edilerek, davacıların desteği ölen ... ile destek alacaklılarının olası yaşam süreleri ile olası destek süresi ve desteğin gelirinin dava dışı destek alacaklısı desteğin babası da dikkate alınarak paylaştırılması; davacı ...'un geçici iş göremezlikten ve sürekli sakatlıktan kaynaklanan zararının, gelirinin asgari ücreti düzeyinde olduğu kabul edilerek, olası yaşam süresi de dikkate alınmak suretiyle, davacıların destekten yoksun kalmalarından kaynaklanan zararı ile davacı ...'un geçici iş göremezlikten ve sürekli sakatlıktan kaynaklanan zararının Kanuna ve Yargıtay'ın süreklilik gösterilen kararlarına uygun biçimde belirlendiğinin anlaşılması karşısında, HMK'nin 279'uncu maddesine uygun düzenlenen ve dosya kapsamına uygun somut olgu ve ölçütlere dayanan, yeterli gerekçeyi de taşıyan aktüerya uzmanı bilirkişinin raporunun hükme esas alınmasında hukuka aykırılık bulunmadığı kabul edilmiştir. Diğer yandan gönderilen hasar dosyası içinde yer alan 7/11/2016 tarihli ""Makbuz ve İbraname"" başlıklı belgenin ise davacı ...'a ödenen 100.485,30 TL sürekli sakatlık tazminatı yönünden düzenlendiği anlaşılmıştır. KTK'nin ""Sorumluluğa ilişkin anlaşmalar"" başlığını taşıyan 111'inci maddesinde ""Karayolları Trafik Kanunu ile öngörülen hukuki sorumluluğu kaldıran veya daraltan anlaşmalar geçersizdir. Tazminat miktarlarına ilişkin olup da, yetersiz veya fahiş olduğu açıkça belli olan anlaşmalar veya uzlaşmalar yapıldıkları tarihten başlayarak iki yıl içinde iptal edilebilir"" hükmüne yer verilmiştir. Davalı ... tarafından gönderilen hasar dosyasında yer alan ve davacı ... vekili Av. ...'ın imzasını taşıyan 7/11/2016 tarihli ""Makbuz ve İbraname"" başlıklı belgenin incelenmesinde, 29/10/2014 günü meydana gelen trafik kazası sonucu oluşan maluliyet nedeniyle davalı ... AŞ'den 100.485,30 TL maluliyet tazminatını nakden ve defaten aldıklarını, tazminatın ödenmesi dolayısıyla poliçe koşullarının yerine getiren ... Sigorta AŞ nezdinde herhangi bir hak ve alacaklarının kalmadığını, bahse konu hasar nedeniyle ... Sigorta AŞ'nin zimmetini kabul ettiklerini, iş bu hasar dosyasına ilişkin her türlü talep ve dava haklarından geri dönüşsüz olarak ibra ve feragat ettiklerini beyan ettiği; eldeki davanın ise KTK'nin 111'inci maddesinin 2'nci fıkrasında öngörülen 2 yıllık hak düşürücü süre içinde 22/12/2016 günü açıldığı anlaşılmıştır. Somut uyuşmazlık, yukarıda açıklanan yasal düzenlemeler ile açıklanan bilirkişi raporu ve diğer belgeler ışığında değerlendirildiğinde; davacı ... vekili Av. ...'ın imzasını taşıyan 7/11/2016 tarihli ""Makbuz ve İbraname"" başlıklı belge, yalnızca davacı ...'un yaralanmasından kaynaklanan sürekli sakatlık tazminatına ilişkindir. Diğer bir anlatımla anılan ibraname, davacıların destekten yoksun kalma tazminatı alacakları bakımından hüküm ifade etmemektedir. Kaldı ki davalı ... tarafından destekten yoksun kalma tazminatının ödendiği tarih itibarıyla destekten yoksun kalmalarından kaynaklanan zararının 101.994,55 TL olduğu anlaşılan davacı ...'a davalı ... tarafından ödenen 82.544,76 TL'nin; 31.247,28 TL olduğu anlaşılan davacı ...'a davalı ... tarafından ödenen 25.288,60 TL'nin; davalı ... tarafından sürekli sakatlık tazminatının ödendiği tarih itibarıyla sürekli sakatlıktan kaynaklanan zararın 156.317,28 TL olduğu anlaşılan davacı ...'a davalı ... tarafından ödenen 100.485,29 TL sürekli sakatlık tazminatının yukarıda açıklanan KTK'nin 111'inci maddesinin 2'nci fıkrası uyarınca yetersizdir. Bu itibarla, davacı ... vekili tarafından imzalanan ibranamenin, sürekli sakatlık tazminatı yönünden makbuz hükmünde olduğu kabul edilerek, davacılar ... ve ... yönünden bakiye destekten yoksun kalma tazminatına, davacı ... yönünden ise geçici iş göremezlik tazminatı ile bakiye sürekli sakatlık tazminatına hükmolunması gerekirken, davanın reddine karar verilmesinde isabet görülmemiştir. Diğer yandan, davacılar vekilinin 26/11/2019 günü sunduğu ıslah dilekçesiyle davalı ... şirketinden 1.000 TL manevi tazminat talebinde bulunduğu dikkate alınarak, davalı ... şirketinin, İMSS poliçesiyle sigortalı davalı ... İhracat Limited Şirketine ait ... plakalı aracın neden olduğu trafik kazasından dolayı İMSS poliçesinde öngörülen 1.000 TL manevi tazminat limitiyle sorumlu tutulması gerekirken, talebin reddine karar verilmesinin yerinde olmadığı sonucunda ulaşılmıştır. Davalı ... AŞ'nin talep edilen tazminat ve giderleri KTK'nin 99'uncu maddesinin, 1'inci fıkrası ile davaya konu trafik kazasının meydana geldiği tarihte yürürlükte bulunan Karayolları Motorlu Araçlar Zorunlu Mali Sorumluluk Sigortası Genel Şartlarının, tazminatın ve giderlerin ödenmesine ilişkin B.2'nci maddesi uyarınca, rizikonun ihbar edildiği günden başlayan 8 iş günü içinde sigorta teminat limitleri kapsamında ödemekle yükümlü olması, adı geçen davalı ... şirketinin gönderdiği hasar dosyasından ise tazminat talebine ilişkin 1/9/2016 tarihli başvuru dilekçesinin davalı ... AŞ'ye hangi tarihte ulaştığının anlaşılmaması karşısında; dava dilekçesinde davalı ... AŞ'den talep ettiği maddi tazminatlara, ıslah niteliğindeki dilekçesinde ise davalı ... şirketinden talep ettiği manevi tazminatlara, davaya konu trafik kazasının meydana geldiği tarihten itibaren avans faizi uygulanmasına karar verilmesini talep eden davacılar vekilinin istemi yerinde görülmemiş; davalı ... AŞ'nin, destekten yoksun kalma tazminatı bakımından henüz dava açılmadan önce davacılar ... ve ...'a destekten yoksun kalma tazminatını kısmen ödediği 7/5/2015 günü itibarıyla; geçici ve sürekli iş göremezlik tazminatı bakımından ise sürekli sakatlık tazminatına ilişkin ibranamenin düzenlendiği 7/11/2016 tarihi itibarıyla; manevi tazminat talebi bakımından ise ıslah niteliğindeki dilekçenin verildiği 26/11/2019 tarihi itibarıyla temerrüde düştüğü; ... plakalı aracın işleteninin davalı ... İhracat Limited Şirketi olduğu dikkate alındığında avans faizine hükmolunması gerektiği kabul edilerek faiz uygulanmasına karar verilmesi gerektiği sonucuna varılarak aşağıdaki biçimde hüküm kurulmuştur.
HÜKÜM: Gerekçesi yukarıda açıklandığı üzere: I-Davacılar ... ve ... vekilinin istinaf başvurusunun kabulüne, yukarıda esas ve karar numarası belirtilen ilk derece mahkemesinin kararının, HMK'nin 353/1-b/2'nci maddesi gereğince düzeltilerek yeniden esas hakkında karar verilmek üzere kaldırılmasına, Buna göre: 1-Davacılar ... ve ...'un maddi tazminat davalarının ayrı ayrı kabulüne; a-95.022,56 TL destekten yoksun kalma tazminatının, davalı ... Limited Şirketi'nden kazanın meydana geldiği 29/10/2014 gününden, davalı ... AŞ'den ise 7/5/2015 gününden itibaren işleyecek avans faiziyle birlikte müştereken ve müteselsilen tahsil edilerek, davacı ...'a verilmesine, b-26.499,70 TL destekten yoksun kalma tazminatının, davalı ... Limited Şirketi'nden kazanın meydana geldiği 29/10/2014 gününden, davalı ... AŞ'den ise 7/5/2015 gününden itibaren işleyecek avans faiziyle birlikte müştereken ve müteselsilen tahsil edilerek, davacı ...'a verilmesine, c-18.942,10 TL geçici iş göremezlik tazminatı, 112.445,42 TL sürekli iş göremezlik tazminatı olmak üzere toplam 131.387,52 TL maddi tazminatın, davalı ... İhracat Limited Şirketi'nden kazanın meydana geldiği 29/10/2014 gününden, davalı ... AŞ'den ise 7/11/2016 gününden itibaren işleyecek avans faiziyle birlikte müştereken ve müteselsilen tahsil edilerek, davacı ...'a verilmesine, ç-Maddi tazminat davası yönünden Harçlar Kanunu uyarınca alınması gereken ve hükmolunan maddi tazminatların toplam tutarına göre hesaplanan 17.276,26 TL nispi karar ve ilam harcından, peşin alınan karar ve ilam harcından maddi tazminat talebine isabet eden 10,24 TL, tamamlama harcı olarak alınan 856,97 TL olmak üzere toplam 867,21‬ TL karar ve ilam harcının mahsubu ile bakiye 16.409,05‬ TL karar ve ilam harcının davalılar ... Limited Şirketi ile ... Sigorta AŞ'den müştereken ve müteselsilen tahsili ile Hazine'ye gelir kaydına, d-Maddi tazminat davası bakımından, Dairemizin hüküm tarihinde yürürlükte bulunan Avukatlık Asgari Ücret Tarifesinin (AAÜT) 13'üncü maddesinin 1'inci fıkrası uyarınca kabulüne karar verilen maddi tazminatların toplam miktarına göre belirlenen 35.961,51 TL nispi vekâlet ücretinin, davalılar ... İhracat Limited Şirketi ile ... Sigorta AŞ'den müştereken ve müteselsilen tahsil edilerek, vekille temsil edilen davacı ...'a verilmesine, e-Maddi tazminat davası bakımından, Dairemizin hüküm tarihinde yürürlükte bulunan AAÜT'nin 13'üncü maddesinin 1'inci fıkrası uyarınca kabulüne karar verilen maddi tazminatın miktarına göre belirlenen 17.900 TL maktu vekâlet ücretinin, davalılar ... Limited Şirketi ile ... Sigorta AŞ'den müştereken ve müteselsilen tahsil edilerek, vekille temsil edilen davacı ...'a verilmesine, 2-Davacılar ... ve ...'un manevi tazminat davalarının ayrı ayrı kısmen kabulüne; a-75.000 TL manevi tazminatın, davalı ... AŞ'nin 500 TL manevi tazminattan sorumlu olması koşuluyla, davalı ... İthalat İhracat Limited Şirketi'nden kazanın meydana geldiği 29/10/2014 gününden, davalı ... AŞ'den ise 26/11/2019 gününden itibaren işleyecek avans faiziyle birlikte müştereken ve müteselsilen tahsil edilerek, davacı ...'a verilmesine, b-50.000 TL manevi tazminatın, davalı ... AŞ'nin 500 TL manevi tazminattan sorumlu olması koşuluyla, davalı ... Limited Şirketi'nden kazanın meydana geldiği 29/10/2014 gününden, davalı ... AŞ'den ise 26/11/2019 gününden itibaren işleyecek avans faiziyle birlikte müştereken ve müteselsilen tahsil edilerek, davacı ...'a verilmesine, c-Manevi tazminat davası yönünden Harçlar Kanunu uyarınca alınması gereken ve hükmolunan manevi tazminatların toplam tutarına göre hesaplanan 8.538,75 TL nispi karar ve ilam harcından, peşin alınan karar ve ilam harcından manevi tazminat talebine isabet eden 683,11 TL karar ve ilam harcının mahsubu ile bakiye 7.855,64‬ TL karar ve ilam harcının davalılar ... İhracat Limited Şirketi'nden tahsili ile Hazine'ye gelir kaydına, ç-Toplam 1.000 TL manevi tazminattan sorumlu olan davalı ... AŞ'nin ödemekle yükümlü olduğu karar ve ilam harcı, peşin alınan ve mahsubuna karar verilen karar ve ilam harcı kapsamından kaldığından, davalı ... AŞ'nin manevi tazminat davasında bakiye karar ve ilam harcından sorumlu tutulmasına yer olmadığına, d-Manevi tazminat davası bakımından, AAÜT'nin 10'uncu maddesinin 1'inci fıkrası ile 13'üncü maddesinin 1'inci ve 2'nci fıkraları uyarınca kabulüne karar verilen manevi tazminatın miktarına göre belirlenen 17.900 TL maktu vekâlet ücretinin, davalı ... AŞ'nin 500 TL vekâlet ücretinden sorumlu olması koşuluyla, davalılar ... Limited Şirketi ile ... Sigorta AŞ'den müştereken ve müteselsilen tahsil edilerek, vekille temsil edilen davacı ...'a verilmesine, e-Manevi tazminat davası bakımından, AAÜT'nin 10'uncu maddesinin 1'inci fıkrası ile 13'üncü maddesinin 1'inci ve 2'nci fıkraları uyarınca kabulüne karar verilen manevi tazminatın miktarına göre belirlenen 17.900 TL maktu vekâlet ücretinin, davalı ... AŞ'nin 500 TL vekâlet ücretinden sorumlu olması koşuluyla, davalılar ... Limited Şirketi ile ... Sigorta AŞ'den müştereken ve müteselsilen tahsil edilerek, vekille temsil edilen davacı ...'a verilmesine, 3-Davacı tarafından harcanan 2.000 TL bilirkişi ücreti, 473,20 TL tebligat posta masrafı olmak üzere toplam 2.473,20 TL yargılama giderinden, davanın kabul ve ret oranına (377.909,78 TL/ 452.909,78 TL) göre hesaplanan 2.063,64 TL yargılama giderinin, davalı ... AŞ'nin 1.386,52 TL yargılama giderinden sorumlu olması koşuluyla, davalılar ... Limited Şirketi ile ... Sigorta AŞ'den müştereken ve müteselsilen tahsil edilerek davacılara verilmesine; bakiye yargılama giderinin davacılar üzerinde bırakılmasına, 4-Davacılar tarafından peşin ödenen ve maddi tazminat davası nedeniyle hükmolunan karar ve ilam harcından mahsubuna karar verilen toplam 867,21‬ TL karar ve ilam harcının davalılar ... İhracat Limited Şirketi ile ... Sigorta AŞ'den müştereken ve müteselsilen tahsil edilerek davacılara verilmesine, 5-Davacılar tarafından peşin ödenen ve maddi tazminat davası nedeniyle hükmolunan karar ve ilam harcından mahsubuna karar verilen toplam 683,11‬ TL karar ve ilam harcının, davalı ... AŞ'nin 68,31 TL karar ve ilam harcından sorumlu olması koşuluyla davalılar ... İhracat Limited Şirketi ile ... Sigorta AŞ'den müştereken ve müteselsilen tahsil edilerek davacılara verilmesine, 6-Harcanmayan gider avansının HMK'nin 333'üncü maddesinin 1'inci fıkrası uyarınca ilk derece mahkemesince kendiliğinden yatıran tarafa geri verilmesine, II-İstinaf incelemesi bakımından ; 1-Davacılar tarafından peşin yatırılan istinaf karar ve ilam harcının, talep halinde ilk derece mahkemesi tarafından geri verilmesine, 2-İstinaf kanun yolu başvurusu nedeniyle davacılar tarafından harcanan posta gideri 66,50 TL, istinaf kanun yolu başvuru harcı 148,60 TL olmak üzere toplam 215,10 TL yargılama giderinin, davalılar ... İhracat Limited Şirketi ile ... Sigorta AŞ'den müştereken ve müteselsilen tahsil edilerek davacılara verilmesine,3-İstinaf incelemesi duruşmalı yapılmadığından, vekâlet ücretine hükmedilmesine yer olmadığına, 4-İstinaf kanun yolu incelemesi için yatırılan gider avansından artan tutarın, HMK'nin 333'üncü maddesinin, 1'inci fıkrası uyarınca ilk derece mahkemesince, kendiliğinden yatıran tarafa geri verilmesine, Dair, dosya üzerinde yapılan inceleme sonucunda HMK'nin 362/1-a maddesi gereğince kesin olmak üzere oy birliğiyle karar verildi. 13/6/2024"
Ankara Bölge Adliye Mahkemesi 26. Hukuk Dairesi,2019/2357,2022/554,04.03.2022,KESİNLEŞTİ,"T.C. ANKARA BÖLGE ADLİYE MAHKEMESİ
26. HUKUK DAİRESİ Esas-Karar No:.....

T.C.
ANKARA
BÖLGE ADLİYE MAHKEMESİ
26. HUKUK DAİRESİ

.....


T Ü R K M İ L L E T İ A D I N A
K A R A R

....

İNCELENEN KARARIN
MAHKEMESİ : ANKARA 5. ASLİYE TİCARET MAHKEMESİ
TARİHİ : 27/05/2019
NUMARASI ......

DAVANIN KONUSU : Tazminat

KARAR TARİHİ : 04/03/2022
GEREKÇELİ KARAR
YAZILMA TARİHİ : 17/03/2022

Mahalli mahkemesince verilen karara karşı davacılar vekili tarafından süresi içinde istinaf kanun yoluna başvurulmuş olup, başvuru şartlarının yerine getirildiği dosya üzerinde yapılan ön inceleme ile anlaşılmakla yapılan istinaf incelemesi sonunda;
TARAFLARIN İDDİA VE SAVUNMALARI
Davacılar vekili dava dilekçesinde özetle; 21/12/2012 tarihinde, davacı ... idaresinde bulunan ... plakalı araç ile davalı ...'a ait ve davalı ... idaresinde bulunan ... plakalı dolmuşun karıştıkları kaza sonucunda davacı ... ile onun aracında yolcu olarak bulunan diğer davacıların yaralandıklarını, kazanın meydana gelmesinde davalı sürücünün kusurlu olduğunu belirterek, fazlaya ilişkin hakları saklı kalmak üzere, davacı ... için 500,00-TL maddi tazminatın ve 20.000,00-TL manevi tazminatın, davacı ... için 500,00-TL maddi tazminatın ve 15.000,00-TL manevi tazminatın, davacı ... için 500,00-TL maddi tazminatın ve 25.000,00-TL manevi tazminatın ve davacı ... için 500,00-TL maddi tazminatın ve 30.000,00-TL manevi tazminatın olay tarihinden itibaren işleyen yasal faizi ile birlikte ve davalı sigorta şirketi manevi tazminatlardan sorumlu olmamak üzere davalılardan müteselsilen tahsilini talep etmiştir.
Davalı ... Sigorta AŞ vekili cevap dilekçesinde özetle; kazaya karışan ... plakalı aracın zorunlu mali mesuliyet sigortasının davalı sigorta şirketi tarafından yapıldığını, kaza nedeni ile doğan zarardan davalı şirketin poliçe limiti ile sınırlı olarak ve sigortalısının kusuru oranında sorumlu olduğunu, kaza nedeni ile yürüyen ceza dosyasının bekletici mesele yapılmasını ve davacıların kalıcı maluliyetleri olup olmadığı konusunda ATK'dan rapor alınmasını talep ettiklerini, davalı şirketin yalnızca dava tarihinden itibaren faizden sorumlu olabileceğini belirterek davanın reddini istemiştir.

İLK DERECE MAHKEMESİ KARARI
Mahkeme; davalı sürücü ... idaresinde bulunan dolmuş ile davacı sürücü ... idaresinde bulunan aracın karıştıkları kaza sonucu davacı ...'ın kalıcı maluliyeti olmadan 2 ay süre ile iş ve gücünden kalacak ve 15 gün bakıcıya ihtiyaç duyacak şekilde, davacı ...'ın vücut genel çalışma gücünü %12.1 oranında kayıp edecek ve 3 ay süre ile iş ve gücünden kalacak şekilde, davacı ...'ın vücut genel çalışma gücünü %17 oranında kayıp edecek ve 6 ay süre ile iş ve gücünden kalacak şekilde yaralandıklarını, kazanın meydana gelmesinde davalı sürücünün %75 oranında, davacı sürücünün ise %25 oranında kusurlu olduklarını, davacıların talep edebilecekleri tazminat miktarlarının aktüer bilirkişisi tarafından hesaplandığını ve manevi tazminat miktarlarının da manevi tazminatın belirlenmesine dair ilkeler gözetilerek belirlendiğini belirterek, davacı ...'in maddi tazminat davasının açılmamış sayılmasına, manevi tazminat isteminin kısmen kabulü ile, 3.000,00-TL manevi tazminatın kaza tarihinden işleyecek avans faizi ile davalılar ... ve ...'dan müşreterek ve müteselsilen tahsiline, davacı ...'ın maddi tazminat istemine yönelik davanın kabulü ile, 57.856,95-TL maddi tazminatın davalı sigorta şirketi yönünden dava tarihi, diğer davalılar yönünden kaza tarihinden işleyecek avans faizi ile davalılardan müştereken ve müteselsilen tahsiline, manevi tazminat isteminin kısmen kabulü ile, 15.000,00-TL manevi tazminatın kaza tarihinden işleyecek avans faizi ile davalılar ... ve ...'dan müşreterek ve müteselsilen tahsiline, davacı ...'ın maddi tazminat isteminin kabulü ile, 75.053,11-TL maddi tazminatın davalı sigorta şirketi yönünden dava tarihi, diğer davalılar yönünden kaza tarihindenişleyecek avans faizi ile davalılardan müştereken ve müteselsilen tahsiline, manevi tazminat istemine yönelik davanın kısmen kabulü ile, 17.000,00-TL manevi tazminatın kaza tarihinden işleyecek avans faizi ile davalılar ... ve ...'dan müşreterek ve müteselsilen tahsiline, davacı ...'ın maddi tazminat isteminin kısmen kabulü ile, 357,56-TL maddi tazminatın davalı sigorta şirketi yönünden dava tarihi, diğer davalılar yönünden kaza tarihinden işleyecek avans faizi ile davalılardan müştereken ve müteselsilen tahsiline, manevi tazminat isteminin kısmen kabulü ile, 5.000,00-TL manevi tazminatın kaza tarihinden işleyecek avans faizi ile davalılar ... ve ...'dan müşreterek ve müteselsilen tahsiline karar vermiştir.
İLERİ SÜRÜLEN İSTİNAF SEBEPLERİ
Davacılar vekili istinaf dilekçesinde özetle; dava konusu kaza nedeni ile yaralanan davacıların yaralanmalarının boyutları, kazadaki kusur durumu ve manevi tazminatın niteliği göz önünde bulundurulduğunda, yerel mahkeme tarafından takdir edilen manevi tazminat miktarlarının son derece yetersiz olması nedeni ile kararın kaldırılmasını talep etmiştir.
DELİLLERİN DEĞERLENDİRİLMESİ ve GEREKÇE
İstinaf talebinde bulunan davacılar vekilinin istinaf sebepleri doğrultusunda, dosya içerisindeki bilgi ve belgeler, mahkeme kararının gerekçesi, dayanılan delillerin tartışılıp değerlendirilmesi ile yapılan inceleme sonunda;
Dava, trafik kazasından kaynaklanan cismani zarar nedeniyle işgöremezlik tazminatı ve manevi tazminat istemine ilişkindir.
Davalı sürücü ... idaresinde bulunan dolmuş ile davacı sürücü ... idaresinde bulunan aracın karıştıkları kaza sonucu davacıların yaralandıkları, kazanın meydana gelmesinde davacı sürücünün %25 oranında ve davalı sürücünün %75 oranında kusurlu oldukları sabittir.
İstinafa gelen davacılar vekili hükmedilen manevi tazminat miktarlarının yetersiz olduğunu iddia etmiştir.
Davacının tazminat istemi BK 56. maddeye dayanmakta olup, bu maddeye göre belirlenecek tazminatın zarara uğrayanda bir giderim duygusu yaratması gerektiği açıktır. Ancak tazminat belirlenirken sadece zarara uğrayan yönünden bakılmayıp, karşı taraf açısından da değerlendirme yapılmalıdır. Bu nitelikte bir tazminat miktarı ise, tarafların kusur oranına, ekonomik ve sosyal durumlarına, duyulan acıya, olay tarihindeki paranın satın alma gücüne vb. gibi verilere göre belirlenebilecektir. Tüm bu kriterlere göre belirlenecek tazminat -aynı anda- tarafların ikisini de memnun etmese dahi, adil olacağı için, hukuk tarafından kabul edilen ve uygulanan sistem haline gelmiştir.
Manevi tazminat zenginleşme aracı olmamakla beraber, bu yöndeki talep hakkındaki hüküm kurulurken olay sebebiyle duyulan acı ve elemin kısmen de olsa giderilmesi amaçlanmalı ve bu sebeple tarafların sosyal ve ekonomik durumları ile birlikte olayın meydana geliş şekli de göz önünde tutularak, hak ve nesafet kuralları çerçevesinde bir sonuca varılmalıdır. Zira, TMK.'nun 4. maddesinde, kanunun takdir hakkı verdiği hallerde hakimin hak ve nesafete göre hükmedeceği öngörülmüştür.
Somut olayda, davalı sürücünün daha ağır kusurlu olduğu kaza nedeni ile davacı ...'ın kalıcı maluliyeti olmadan 2 ay süre ile iş ve gücünden kalacak şekilde, davacı ...'ın vücut genel çalışma gücünü %12.1 oranında kaybedecek ve 3 ay süre ile iş ve gücünden kalacak şekilde, davacı ...'ın vücut genel çalışma gücünü %17 oranında kaybedecek ve 6 ay süre ile iş ve gücünden kalacak şekilde yaralandıkları, davacı ... için davacı tarafın istemi doğrultusunda maluliyet raporu alınamadığı görülmüştür. Olayın oluş şekli, kazadaki kusur durumu, davacıların yaralanmalarının boyutları, tarafların sosyal ve ekonomik durumları, kaza tarihindeki paranın alım gücü manevi tazminatın belirlenmesinde en önemli etkenlerdir. Ancak, manevi tazminat, zarara uğrayanda, manevi huzuru gerçekleştirecek ve tazminata benzer bir fonksiyonu da olan özgün bir nitelik taşır. Manevi tazminat bir ceza olmadığı gibi, mamelek hukukuna ilişkin zararın karşılanmasını da amaç edinmemiştir. Zarar görenin zenginleşmemesi, zarar sorumlusunun da fakirleşmemesi gerekmektedir. Tüm bu kriterler bir arada değerlendirildiğinde; hükmedilen manevi tazminat miktarlarının; duyulan acıyı, çekilen sıkıntıyı hafifletebilecek düzeyde ve her iki tarafın mali ve sosyal durumlar uygun olduğu görülmüştür.
Açıklanan nedenlerle, kararın dayandığı delillerle yasaya uygun gerektirici nedenlere, delillerin takdirinde bir isabetsizlik bulunmamasına, davacılar vekilinin istinaf başvurusunun HMK.nun 3531-b.1 maddesi gereğince esastan reddine karar verilmiştir.

HÜKÜM : Gerekçesi yukarıda izah edildiği üzere;
1-Davacılar vekilinin istinaf başvurusunun Hukuk Muhakemeleri Kanunun 353/1-b.1. maddesi gereğince ESASTAN REDDİNE,
2-Harçlar Kanunu gereğince alınması gereken 80,70-TL karar harcından peşin alınan harçtan mahsubu ile hazineye gelir kaydına, fazla yatan 404,50-TL harcın talep halinde yatırana iadesine,
3-Davacı tarafça yapılan istinaf yargılama giderlerinin üzerlerinde bırakılmasına,
4-İstinaf incelemesi sırasında duruşma açılmadığından vekalet ücreti takdirine yer olmadığına,
5-Karar tebliği ile harç mahsup ve tahsil işlemlerinin ilk derece mahkemesi tarafından yerine getirilmesine,
Dosya üzerinde yapılan inceleme sonunda, HMK.nın 362/1-a maddesi uyarınca KESİN olmak üzere 04/03/2022 tarihinde oy birliği ile karar verildi.

......
* Bu belge, 5070 sayılı Kanun hükümleri gereğince elektronik imza ile imzalanmıştır."
İstanbul Bölge Adliye Mahkemesi 40. Hukuk Dairesi,2020/515,2022/920,17.05.2022,KESİNLEŞTİ,"T.C.
İSTANBUL
BÖLGE ADLİYE MAHKEMESİ
40. HUKUK DAİRESİ
TÜRK MİLLETİ ADINA
BÖLGE ADLİYE MAHKEMESİ KARARI
DOSYA NO: 2020/515
KARAR NO: 2022/920
İNCELENEN KARARIN
MAHKEMESİ: İSTANBUL 11. ASLİYE TİCARET MAHKEMESİ
TARİHİ: 06/11/2019
NUMARASI: 2015/1175 Esas - 2019/850 Karar
DAVANIN KONUSU: Maddi ve Manevi Tazminat (Trafik Kazasından Kaynaklanan)
KARAR TARİHİ: 17/05/2022
Yukarıda yazılı İlk Derece Mahkemesi kararına karşı istinaf yasa yoluna başvurulması üzerine Dairemiz Heyetince yapılan müzakere sonucunda;
GEREĞİ DÜŞÜNÜLDÜ: Dava ve uyuşmazlık; TBK'nın 54. ve 56. maddeleri kapsamında, yaralamalı trafik kazasından kaynaklanan maddi ve manevi tazminat istemlerine ilişkindir. İlk Derece Mahkemesince; ""1-Davacıların maddi tazminat talebinin tüm davalılar yönünden feragat nedeniyle reddine, (...) 2-Davacıların davalı ... Şirketine yönelik manevi tazminat talebinin reddine, a)Manevi tazminat yönünden davalı ... vekille temsil olunduğundan, Avukatlık Asgari Ücret Tarifesi uyarınca 2.725,00-TL vekalet ücretinin her bir davacıdan alınarak bu davalıya verilmesine, 3-Davacı ... ' ün davalı ... Ltd. Şti.' ne yönelik manevi tazminat talebinin kısmen kabulü ile 5.000,00 TL manevi tazminatın 24/04/2015 tarihinden itibaren işleyecek yasal faizi ile birlikte davalılardan müştereken ve müteselsilen alınarak bu davacıya verilmesine, 4-Davacı ...'ün davalı ... Tic. Ltd. Şti.'ne yönelik manevi tazminat talebinin reddine, a) Manevi tazminat yönünden davalı .... Ltd. Şti. kendisini vekille temsil olunduğundan Avukatlık Asgari Ücret Tarifesi uyarınca hesap ve taktir olunan 2.725,00 TL vekalet ücretinin her bir davacıdan alınarak bu davalıya verilmesine,"" karar verilmiştir. Bu karara karşı, davacılar vekili ile davalı ... Ltd. Şti. istinaf kanun yoluna başvurmuşlardır. Davacılar vekili istinaf başvuru dilekçesinde özetle; manevi tazminat yönünden her ne kadar, sehven kararda talepleri 10.000 TL olarak yazılmış ise de, dava dilekçelerinde 100.000 TL manevi tazminat talep edildiğini ve bu tutar üzerinden harcın yatırıldığını; müvekkili ...'ün kaza nedeniyle, 3 gün yoğun bakımda kaldığını, aylarca yatalak durumda kaldığını, 9 aylık ağrı ve acı dolu bir iyileşme süreci geçirdiğini, kazanın meydana gelmesinde davalı sürücünün %100 kusurlu olduğunu; diğer müvekkili ...'ün, kardeşi ...'ün tüm hastane ve iyileşme süresinde yanında bulunduğunu, bu süreçte işsiz kaldığını, işinden istinaf etmek zorunda olduğuna dair belgelerin dosyaya sunulduğunu, bütün bu durumlar dikkate alındığında, müvekkili ... için hükmedilen 5.000 TL manevi tazminatın çok az olduğunu; müvekkili ... yönünden, TBK'nın 56. maddesi gereğince manevi tazminat koşulları oluşmasına rağmen, Mahkemece reddedilmesinin hukuka aykırı olduğunu belirtmiştir. Davalı ... Tic. Ltd. Şti. vekili istinaf başvuru dilekçesinde özetle; davacı taraf, dava dilekçesinde ... için 60.000 TL, ... için 5.000 TL maddi tazminat talep ettiğini, 06/04/2017 tarihli dilekçesinde ise, yalnızca davacı ... için maddi tazminat talebinden feragat ettiğini, davacı ... için talep edilen maddi tazminattan feragat etmediğini, bu nedenle davacı ... tarafından açılan maddi tazminat davasının feragat nedeniyle reddine değil, esastan reddine karar verilmesi ve buna göre yargılama gideri - vekalet ücretine hükmedilmesi gerektiğini, ancak Mahkemece, maddi tazminat açısından tüm davacılar yönünden feragat nedeniyle davanın reddine karar verildiğini, her iki davacının maddi tazminat talepleri yönünden müvekkili lehine ayrı ayrı vekalet ücretine hükmedilmesi gerektiğini; yine, Mahkemece, davacı ... lehine 5.000 TL maddi tazminata hükmedilmesi ve ...'ün manevi tazminat talebinin tümden reddine karar verilmesi nedeniyle, müvekkili lehine ayrı ayrı vekalet ücretlerine hükmedilmesi gerektiğini; davalı müvekkiline ait aracın uzun süreli kiralama sözleşmesiyle dava dışı ...'a kiralanması nedeniyle müvekkilinin işleten sıfatının bulunmadığını, bu nedenle müvekkili hakkındaki maddi ve manevi tazminat davalarının esastan reddine karar verilmesi gerektiğini belirtmiştir. HMK'nın 355. maddesi kapsamında istinaf itirazları ve kamu düzenine ilişkin hususlarla sınırlı olarak yapılan inceleme sonunda: Dosya kapsamından; 24/04/2015 tarihinde, davalı ... AŞ.'nin ZMS sigortacısı, davalı ... Tic. Ltd. Şti.'nin işleteni ve davalı ...'ın sürücüsü olduğu aracın, yaya olan davacı ...'e çarparak yaralanmasına neden olduğu; işbu davada, davacı ... için fazlaya ilişkin haklarının saklı tutulması kaydıyla 15.000 TL tedavi gideri, 10.000 TL işten uzak kalma bedeli, 5.000 TL bakım gideri ve 30.000 TL güç kaybı tazminatı ile 100.000 TL manevi tazminat; davacı ... için 5.000 TL işten uzak kalma bedeli adı altında maddi tazminat ile 20.000 TL manevi tazminat talep edildiği; kazanın meydana gelmesinde davalı sürücü ...'ın %100 oranında kusurlu olduğunun tespit edildiği, davacı ...'ün yaralanması nedeniyle %3.3 kalıcı maluliyeti ve iyileşme süresinin kaza tarihinden itibaren 9 ay olduğunun ATK raporuyla belirlendiği ve Mahkemece yapılan yargılama neticesinde, yukarıda belirtildiği şekilde karar verildiği anlaşılmıştır. A-Davacılar vekilinin istinaf başvurusunun değerlendirilmesi: Kazanın oluş şekli, kusur durumu, davacı ...'ün yaralanmasının niteliği ile maluliyetine ilişkin ATK raporu, tarafların sosyal ve ekonomik durumları ile TBK'nın 56. maddesinde düzenlenen manevi tazminat müessesesinin amacı bir bütün olarak değerlendirildiğinde; Mahkemece, davacı ... için hükmedilen manevi tazminat miktarının, TBK'nın 56. maddesinde düzenlenen manevi tazminat müessesesinin amacına ve hakkaniyet ilkesine uygun düşmediği ve az olduğu kanısına varılmıştır. Diğer yandan, yaralanan davacı ...'ün kardeşi olan davacı ... yönünden, TBK'nın 56/2. maddesi gereğince manevi tazminat talep edebilme koşulları oluşmuştur. Bu nedenle, davacılar vekilinin istinaf başvurusundaki itirazlar kabul edilerek, davacı ... için takdiren 40.000 TL, davacı ... için 10.000 TL manevi tazminata hükmedilmesi gerekmiştir. B-Davalı ... Tic. Ltd. Şti. vekilinin istinaf başvurusunun değerlendirilmesi: Davalı ... Ltd. Şti. tarafından dosyaya ibraz edilen adi yazılı belgeye göre, kazaya karışan aracın kısa süreli olarak dava dışı kişiye kiraya verildiği tespit edilmiştir. Bir başka deyişle, uzun süreli kiralama söz konusu olmadığından bu davalının işleten sıfatının bulunduğu ve meydana gelen zarardan sorumlu olduğu anlaşılmıştır. Bu nedenle, bu davalının işleten olmadığına yönelik itirazı yerinde görülmemiştir. Dava dilekçesinde, yukarıda da belirtildiği üzere, her iki davacı için maddi tazminat talep edilmiştir. Davacılar vekili 24/09/2018 tarihli dilekçesinde; sadece davacı ... için talep edilen maddi tazminattan feragat ettiklerini, davacı ... için talep edilen maddi tazminat yönünden davalarının devam ettiğini belirtmiştir. Bu durumda, davacı ... için talep edilen maddi tazminat yönünden feragat nedeniyle davanın reddine, davacı ... için talep edilen maddi tazminat yönünden ise davanın esastan reddine karar verilmesi gerekirken her iki davacı yönünden feragat nedeniyle davanın reddine karar verilmesi ve davalarının reddine karar verilen ihtiyari dava arkadaşı konumundaki davacılar aleyhine ayrı ayrı vekalet ücreti takdiri gerekirken reddedilen maddi tazminat davaları için davalı ... Ltd. Şti. lehine tek vekalet ücretine hükmedilmesi doğru olmamıştır. Bu nedenle, davalı vekilinin bu yöne ilişkin istinaf itirazı yerindedir. Yukarıdaki açıklamalar çerçevesinde, davacılar vekili ile davalı ... Ltd. Şti. vekilinin istinaf başvurularının kabulüne karar verilerek, aşağıdaki şekilde davanın esası hakkında yeniden hüküm oluşturulmuştur.
HÜKÜM: Gerekçesi yukarıda açıklandığı üzere: A- Davacılar vekili ile davalı ... Ltd. Şti. vekilinin istinaf başvurularının kabulü ile, Yukarıda esas ve karar numarası belirtilen İlk Derece Mahkemesi kararının, HMK'nın 353/1-b/2. maddesi gereğince düzeltilerek yeniden esas hakkında karar verilmek üzere kaldırılmasına, Buna göre: a-Maddi tazminat davası yönünden: 1-Davacı ...'ün maddi tazminat davasının feragat nedeniyle reddine, 2-Davacı ...'ün maddi tazminat davasının esastan reddine, 3-Maddi tazminat yönünden alınması gerekli 44,40 TL karar ve ilam harcının, maddi tazminat davası için peşin yatırılan 1.110 TL'den mahsubu ile kalan 1.065,60 TL'nin karar kesinleştiğinde ve talep halinde davacılara iadesine, 4-Davacı tarafça yapılan yargılama giderlerinin kendi üzerinde bırakılmasına, 5-Davalı ... Ltd. Şti. kendisini vekil ile temsil ettirdiğinden, davacı ...'ün feragat nedeniyle reddine karar verilen maddi tazminat davası nedeniyle, ilk derece mahkemesinin karar tarihinde yürürlükte olan AAÜT gereğince 2.725 TL vekalet ücretinin, davacı ...'den alınarak bu davalıya verilmesine, 6-Davalı ... Ltd. Şti. kendisini vekil ile temsil ettirdiğinden, davacı ...'ün esastan reddine karar verilen maddi tazminat davası nedeniyle, ilk derece mahkemesinin karar tarihinde yürürlükte olan AAÜT gereğince 2.725 TL vekalet ücretinin davacı ...'den alınarak bu davalıya verilmesine, b-Manevi tazminat davası yönünden: 1-Davacıların davalı ...'ne yönelik manevi tazminat taleplerinin reddine, 2-Manevi tazminat yönünden davalı ... kendisini vekille temsil ettirdiğinden, ilk derece mahkemesinin karar tarihinde yürürlükte olan AAÜT gereğince 2.725 TL vekalet ücretinin her bir davacıdan alınarak bu davalıya verilmesine, 3-Davacı ...'ün manevi tazminat davasının kısmen kabulü ile 40.000 TL'nin 24/04/2015 tarihinden itibaren işleyecek yasal faizi ile birlikte davalı ... ve ... Ltd. Şti.'den müştereken ve müteselsilen alınarak bu davacıya verilmesine, fazlaya ilişkin istemin reddine, 4-Davacı ...'ün manevi tazminat davasının kısmen kabulü ile 10.000 TL'nin 24/04/2015 tarihinden itibaren işleyecek yasal faizi ile birlikte davalı ... ve ... Ltd. Şti.'den müştereken ve müteselsilen alınarak bu davacıya verilmesine, fazlaya ilişkin istemin reddine, 5-Hükmedilen manevi tazminat miktarları üzerinden Harçlar Kanunu gereğince alınması gereken 3.415,5‬0 TL karar ve ilam harcından, davacı tarafça peşin (manevi tazminat davası bakımından) yatırılan 2.049,34 TL'nin mahsubu ile kalan 1.366,16 TL'nin davalılar ... ve ... Ltd. Şti.'den müştereken ve müteselsilen alınarak Hazine'ye gelir kaydına, 6-Davacı ... kendisini vekil ile temsil ettirdiğinden, kabul edilen manevi tazminat miktarı üzerinden, Dairemizce kararın verildiği tarihte yürürlükte bulunan AAÜT gereğince hesaplanan 6.000 TL nispi vekalet ücretinin davalılar ... ve ... Ltd. Şti.'den müştereken ve müteselsilen tahsili ile bu davacıya verilmesine, 7-Davacı ... kendisini vekil ile temsil ettirdiğinden, kabul edilen manevi tazminat miktarı üzerinden, Dairemizce kararın verildiği tarihte yürürlükte bulunan AAÜT gereğince hesaplanan 5.100 TL vekalet ücretinin davalılar ... ve ... Ltd. Şti.'den müştereken ve müteselsilen tahsili ile bu davacıya verilmesine, 8-Davalı ... Ltd. Şti. kendisini vekil ile temsil ettirdiğinden, ... yönünden reddedilen manevi tazminat miktarı üzerinden, Dairemizce kararın verildiği tarihte yürürlükte bulunan AAÜT gereğince hesaplanan 6.000 TL nispi vekalet ücretinin davacı ...'den tahsili ile bu davalıya verilemesine, 9-Davalı ... Ltd. Şti. kendisini vekil ile temsil ettirdiğinden, ... yönünden reddedilen manevi tazminat miktarı üzerinden, Dairemizce kararın verildiği tarihte yürürlükte bulunan AAÜT gereğince hesaplanan 5.100 TL nispi vekalet ücretinin davacı ...'den tahsili ile bu davalıya verilemesine, 10-Gider avansının harcanmayan kısmının karar kesinleştiğinde ve istek halinde ilgili tarafa iadesine, 11- Manevi tazminat davasında davacılar tarafından yatırılan 2.049,34 TL karar ve ilam harcının davalılar ... ve ... Ltd. Şti.'den müştereken ve müteselsilen tahsili ile davacılara verilmesine, B-İstinaf İncelemesi Bakımından: 1-Davacılar ile davalı ... Ltd. Şti. tarafından peşin olarak yatırılan istinaf karar harçlarının, İlk Derece Mahkemesi tarafından ilgilisine iadesine, 2-İstinaf aşamasında davacılar tarafından yapılan 68‬ TL posta ve tebligat gideri ile 121,30 TL istinaf başvuru harcının davalılardan tahsili ile davacılara verilmesine, 3-İstinaf aşamasında davalı ... Ltd. Şti. tarafından yapılan 121,30 TL istinaf başvuru harcının davacılardan tahsili ile bu davalıya verilmesine, 4-İstinaf incelemesi duruşmalı yapılmadığından vekalet ücretine hükmedilmesine yer olmadığına, 5-İstinaf için yatırılan gider avansından artan kısmın yatıran tarafa iadesine, Dair dosya üzerinde yapılan inceleme sonucunda, kabul ve reddedilen tazminat miktarları ayrı ayrı dikkate alınarak, HMK'nın 362/1-a maddesi uyarınca kesin olmak üzere oy birliğiyle karar verildi.17/05/2022"
İzmir Bölge Adliye Mahkemesi 11. Hukuk Dairesi,2021/2082,2024/1323,04.07.2024,KESİNLEŞTİ,"T.C.
İZMİR
BÖLGE ADLİYE MAHKEMESİ
11. HUKUK DAİRESİ

DOSYA NO : 2021/2082
KARAR NO : 2024/1323

T Ü R K M İ L L E T İ A D I N A
B Ö L G E A D L İ Y E M A H K E M E S İ K A R A R I

İNCELENEN KARARIN
MAHKEMESİ : İZMİR 2. ASLİYE TİCARET MAHKEMESİ
TARİHİ : 02.03.2021
NUMARASI : 2016/650 E. - 2021/190 K.
DAVANIN KONUSU : Tazminat
KARAR TARİHİ : 04.07.2024
KARAR YAZIM TARİHİ : 04.07.2024

İzmir 2.Asliye Ticaret Mahkemesinin 02.03.2021 tarih 2016/650 E. - 2021/190 K. sayılı kararın Dairemizce incelenmesi davacılar vekili tarafından istenmiş ve istinaf dilekçesinin süresi içinde verildiği anlaşılmış olmakla, üye ... tarafından düzenlenen rapor dinlenip ve yine dosya içerisindeki dilekçe, layihalar, duruşma tutanakları ve tüm belgeler okunup, incelendi.
GEREĞİ DÜŞÜNÜLDÜ :
DAVA:Davacı vekili, 30/08/2011 tarihinde, davalı ... Sigorta A.Ş.'nin ZMMS sigortacısı olduğu, davalı ...'in sürücüsü olduğu ... plakalı aracın müvekkili ...'ın sürücüsü olduğu ... plakalı araca çarpması nedeniyle müvekkillerinin yaralandıklarını, Urla Asliye Ceza Mahkemesinin 2012/148 E. 2013/551 K. sayılı dosyasında davalı sürücünün kazanın meydana gelmesinde asli kusurlu, müvekkili ...’ın tali kusurlu olduğunun tespit edildiğini, davalı sürücünün mahkumiyetine karar verildiğini, müvekkillerinin ayrıca ambulans giderleri ve başkaca masrafların bulunduğunu iddia ederek, fazlaya ilişkin hakları saklı kalmak kaydıyla her bir müvekkili için 250,00'şer TL'den 1.000,00 TL geçici iş gücü kaybı tazminatı, 500,00 TL bakıcı harcaması olmak üzere 1.500,00 TL maddi tazminatın davalılardan müştereken ve müteselsilen alınmasına, ayrıca her bir davacı için 15.000,00 TL'den olmak üzere toplam 60.000,00 TL manevi tazminatın kaza tarihinden itibaren işleyecek yasal faizi ile birlikte davalı ...’den tahsiline karar verilmesini talep ve dava etmiştir.
CEVAP: Davalı ... Sigorta A.Ş. vekili, müvekkili şirketin sorumluluğunun trafik poliçesindeki limitler ve sigortalı araç sürücüsünün kusuru ile sınırlı olduğunu, davacının müterafik kusurunun dikkate alınması gerektiğini, geçici iş göremezlik ve bakıcı ihtiyacı durumlarının kanıtlanması gerektiğini savunarak davanın reddine karar verilmesini talep etmiştir.
İLK DERECE MAHKEMESİ KARARININ ÖZETİ : Mahkemece, ATK Trafik İhtisas Dairesinden alınan 15/05/2017 tarihli bilirkişi raporunda kazanın meydana gelmesinde davalı sürücünün %70 oranında asli kusurlu olduğunun tespit edildiği, ceza dosyasında alınan ATK kusur raporunda da davalı araç sürücüsünün asli, davacının tali kusurlu olduğunun tespit edildiği, kusur dağılımının birbiri ile uyumlu olduğu, Ege Üniversitesi Adli Tıp Anabilim Dalı Başkanlığı'ndan alınan adli tıp raporlarına göre, davacı ...'ın geçici ve sürekli maluliyetinin bulunmadığı, davacı ...'ın 7 gün geçici maluliyetinin bulunduğu, sürekli maluliyetinin bulunmadığı, davacı ...'ın 4 ay geçici maluliyeti ile %4 oranında sürekli maluliyetinin bulunduğu, davacı ...'ın 6 ay geçici sürekli iş göremezlik, %10,3 oranında sürekli iş göremezliğinin bulunduğu, PMF 1931 tablosuna göre kusur indirimi dikkate alınarak davacı ...'ın 97,86 TL geçici iş göremezlik zararının bulunduğu, davacı ...'ın 2.543,95 TL geçici iş göremezlik, 64.151,38 TL sürekli iş göremezlik tazminatı ve 1.757,70 TL bakım gideri olmak üzere toplam 68.453,03 TL maddi zararının oluştuğunun, davacı ... için 1.677,78 TL geçici iş göremezlik, 18.290,30 TL sürekli iş göremezlik tazminatı ve 1.757,70 TL bakım gideri olmak üzere toplam 21.725,78 TL maddi zararının oluştuğunun tespit edildiği; davacı vekilince ıslah dilekçesinde her ne kadar davacılar ... ve ... yönünden sürekli iş göremezlik tazminatına hükmedilmiş ise de, dava dilekçesinde yalnızca geçici iş gücü kaybı tazminatı talebinde bulunulduğu, sürekli iş gücü kaybı yönünden açılmış bir dava bulunmadığı gerekçesiyle davacı ... tarafından açılan maddi tazminat davasının kısmen kabulü ile 97,86-TL geçici işgöremezlik tazminatının davalı ... yönünden kaza tarihinden, davalı sigorta şirketi yönünden dava tarihinden itibaren yasal faizi ile birlikte davalılardan müştereken ve müteselsilen tahsiline, fazlaya dair istemin reddine, manevi tazminat davasının kısmen kabulü ile 6.000,00 TL manevi tazminatın kaza tarihinden itibaren yasal faizi ile birlikte davalı ...'den alınarak davacıya verilmesine, fazlaya dair istemin reddine; Davacı ... tarafından açılan maddi tazminat davasının reddine, manevi tazminat davasının kısmen kabulü ile 5.500,00-TL manevi tazminatın kaza tarihinden itibaren yasal faizi ile birlikte davalı ...'den tahsiline, fazlaya dair istemin reddine; Davacı ... tarafından açılan maddi tazminat davasının kısmen kabulü ile 2.543,95-TL geçici işgöremezlik tazminatı ve 1.757,70 TL bakım gideri tazminatı toplamı 4.301,65 TL'nin davalı ... yönünden kaza tarihinden, davalı sigorta şirketi yönünden dava tarihinden itibaren yasal faizi ile birlikte davalılardan müştereken ve müteselsilen tahsiline, manevi tazminat davasının kısmen kabulü ile 10.500,00-TL manevi tazminatın kaza tarihinden itibaren yasal faizi ile birlikte davalı ...'den tahsiline, fazlaya dair istemin reddine, dava dilekçesi ile sürekli iş gücü kaybı tazminatı talebinde bulunulmadığı gözetilerek bu hususta hüküm kurulmasına yer olmadığına; Davacı ... tarafından açılan maddi tazminat davasının kısmen kabulü ile 1.677,78-TL geçici işgöremezlik tazminatı ve 1.757,70-TL bakım gideri tazminatı toplamı 3.435,48-TL'nin davalı ... yönünden kaza tarihinden, davalı sigorta şirketi yönünden dava tarihinden itibaren yasal faizi ile birlikte davalılardan müştereken ve müteselsilen tahsiline, fazlaya dair istemin reddine, manevi tazminat davasının kısmen kabulü ile 8.000,00-TL manevi tazminatın kaza tarihinden itibaren yasal faizi ile birlikte davalı ...'den alınarak davacıya verilmesine, fazlaya dair istemin reddine, dava dilekçesi ile sürekli iş göremezlik tazminatı talebinde bulunulmadığı gözetilerek bu hususta hüküm kurulmasına yer olmadığına karar verilmiştir.
Karara karşı davacılar vekili tarafından istinaf yoluna başvurulmuştur.
İSTİNAF NEDENLERİ : Davacılar vekili, ilk derece mahkemesince ... ve ... yönünden dava dilekçesinde sürekli iş göremezlik tazminatı talep edilmediği gerekçesiyle bu kalem talebin reddine karar verilmiş ise de, en azından harcı yatırılan bu talep yönünden tefrik kararı verilmesi gerektiğini, ek dava ile yeniden taraf teşkili, dilekçelerin teatisi, gider avansı yoluyla zaman kaybı yaşatılmasının hukuk devletinde kabul görecek bir durum olmadığını, ıslahın bir hak olarak usul ekonomisi ilkesi ve mahkemeye erişim hakkı kapsamında değerlendirilmesi gerektiğini, ıslah ile yeni taleplerin ileri sürülebileceğini, ıslah yoluyla objektif dava birleşmesinin sonradan gerçekleşebileceğini, hükmolunan manevi tazminatların çok düşük olduğunu belirterek ilk derece mahkemesi kararının kaldırılmasına, öncelikle ıslah dilekçesi dikkate alınarak hüküm kurulmasına, aksi takdirde ıslah dilekçesindeki sürekli iş göremezlik tazminatı talebinin ayrı bir esasa kaydedilmesine, daha yüksek manevi tazminata hükmedilmesini talep etmiştir.
GEREKÇE : Dava, trafik kazası nedeniyle karşı aracın işleten/sürücüsü ve zorunlu mali sorumluluk sigortacısından sürekli ve geçici iş göremezlik tazminatı, bakıcı gideri, ayrıca davalı işleten/sürücüden manevi tazminat istemine ilişkin olup, ilk derece mahkemesince dava dilekçesinde sürekli iş göremezlik tazminatı talep edilmediği gerekçesiyle sürekli gşi göremezlik istemlerinin reddine, diğer maddi tazminat istemlerinin kabulüne, manevi tazminat istemlerinin ise kısmen kabulüne karar verilmiştir.
Dairemizce HMK'nın 355. maddesi uyarınca istinaf nedenleriyle ve resen kamu düzenine ilişkin sebeplerle sınırlı olarak istinaf incelemesi yapılmıştır.
Davacılar vekilinin, hükmedilen manevi tazminat miktarlarına ilişkin istinaf itirazının incelenmesinde; manevi tazminat ne bir ceza ne de gerçek anlamda bir tazminattır. Zarara uğrayan kişinin çektiği acıyı, duyduğu elem ve üzüntüyü bir nebze olsa da dindiren, zarara uğratan olay nedeniyle oluşan ruhsal tahribatı onarmaya yarayan bir araçtır. Manevi tazminatın kapsam ve miktarını takdir hakkı kural olarak hakime aittir. Hakim, manevi tazminatı hak ve nesafete uygun olarak belirlemeli, bu belirlemede hukuk kurallarının yanında tarafların sosyal, ekonomik ve moral yapısı ile özellikle de somut olayın koşullarını gözetmelidir. Manevi tazminat olarak takdir edilecek tutar manevi acıları kısmen de olsa gidermesinin yanında kamuoyu ve sosyal vicdanda da kabul görmeli ve zarar gören açısından da bir zenginleşme aracı olmamalıdır. Eldeki davada, tarafların kusur oranları, kazanın oluş şekli, kaza tarihi, tarafların ekonomik sosyal koşulları, zararın ağırlığı karşısında mahkemece takdir edilen manevi tazminat miktarları makul ve ılımlı bulunmuş olmakla, davacılar vekilinin manevi tazminat miktarlarına ilişkin istinaf itirazının reddi gerekmiştir.
Davacı tarafça, dava dilekçesinde maddi tazminat bakımından belirsiz alacak davası niteliğinde olmak üzere fazlaya ilişkin haklar saklı kalmak kaydı ile her bir davacı için 250,00'şer TL'den toplam 1.000,00 TL geçici iş göremezlik tazminatı, 500,00 TL yapılan bakıcı harcaması olmak üzere toplam 1.500,00 TL maddi tazminatın davalılardan müştereken ve müteselsilen tahsili talep edilmiş; ıslah dilekçesinde ise davacılar ... ve ... yönünden sürekli iş göremezlik tazminatı da talep edilmiş ayrıca diğer maddi tazminat kalemleri arttırılarak tüm talepler yönünden ıslah harcı yatırılmıştır.
İlk derece mahkemesince dava dilekçesinde yalnızca geçici iş gücü kaybı tazminatı talebinde bulunulduğu, sürekli iş gücü kaybı yönünden açılmış bir dava bulunmadığı gerekçesiyle davacılar ... ve ... yönünden ıslah dilekçesi ile talep edilen sürekli iş göremezlik tazminatı istemlerinin reddine karar verilmiştir.
Yargılamaya hakim olan ilkelerden olan ""taleple bağlılık ilkesi” 6100 sayılı HMK m. 26 ile düzenlenmiş olup, hakim (hakem) tarafların talep sonuçlarıyla bağlıdır ve ondan fazlasına veya başka bir şeye karar veremez.
Aynı hukuki ilişkiden, aynı olaydan kaynaklanan alacak kalemlerinden dava dilekçesinde istenilmeyenlerin nispi harcı ödenmek koşuluyla ıslah ile istenebileceği usul ekonomisi de dikkate alınarak kabul edilmektedir.
Somut uyuşmazlıkta, davacının dava dilekçesinde bahsettiği ve ıslah dilekçesi ile talep ettiği sürekli iş göremezlik zararı da aynı olaydan kaynaklanmakta olup, birleştirilecek ek dava ile istenilmesi yerine ıslah ile istenilmesinde usule aykırılık olmadığından, ilk derece mahkemesince davacılar ... ve ... yönünden sürekli iş göremezlik istemlerinin de kabulüne karar verilmesi gerekirken, yazılı gerekçe ile bu kalemlerin reddine karar verilmesi hatalı olmuştur. Davacılar vekilinin bu yöndeki istinaf sebebi yerindedir. (Yargıtay 4. HD 21.03.2023 tarih 2022/1900 E. 2023/4172 K.)
Bu durumda, yeniden yargılama yapılmasına ihtiyaç duyulmadığından Hukuk Muhakemeleri Kanunu'nun 353/1-b-2 maddesi uyarınca istinaf başvurusunun kabulü ile ilk derece mahkemesi kararı kaldırılarak yeniden esas hakkında karar verilmesi gerekmiştir.
HÜKÜM : Yukarıda açıklanan nedenlerle;
1-Davacılar vekilinin istinaf başvurusunun KABULÜ ile İzmir 2. Asliye Ticaret Mahkemesinin 02.03.2021 tarih 2016/650 Esas 2021/190 sayılı kararının Hukuk Muhakemeleri Kanunu'nun 353/1-b-2 maddesi uyarınca KALDIRILMASINA,
2-Kaldırılan kararın yerine geçmek üzere yeniden hüküm tesisi ile;
A-Davacı ... yönünden;
Maddi tazminat davasının KISMEN KABULÜ ile 97,86 TL geçici işgöremezlik tazminatının davalılardan müştereken ve müteselsilen alınarak davacı ...'a verilmesine, tazminata davalı ... yönünden kaza tarihi 30/08/2011'den, davalı sigorta şirketi yönünden dava tarihinden itibaren yasal faiz yürütülmesine, fazlaya dair istemin reddine,
Manevi tazminat davasının KISMEN KABULÜ ile 6.000,00-TL manevi tazminatın davalı ...'den alınarak davacı ...'a verilmesine, tazminata kaza tarihi 30/08/2011 tarihinden itibaren yasal faiz yürütülmesine, fazlaya dair istemin reddine,
B-Davacı ... yönünden;
Maddi tazminata ilişkin davanın REDDİNE,
Manevi tazminat davasının KISMEN KABULÜ ile 5.500,00-TL manevi tazminatın davalı ...'den alınarak davacı ...'a verilmesine, tazminata kaza tarihi 30/08/2011 tarihinden itibaren yasal faiz yürütülmesine, fazlaya dair istemin reddine,
C-Davacı ... yönünden;
Maddi tazminat davasının KABULÜ ile 64.151,38 TL sürekli iş göremezlik tazminatı, 2.543,95 TL geçici işgöremezlik tazminatı ve 1.757,70TL bakım gideri tazminatı olmak üzere toplam 68.453,03 TL'nin davalılardan müştereken ve müteselsilen alınarak davacı ...'a verilmesine, tazminata davalı ... yönünden kaza tarihi 30/08/2011'den, davalı sigorta şirketi yönünden dava tarihinden itibaren yasal faiz yürütülmesine, fazlaya dair istemin reddine,
Manevi tazminat davasının KISMEN KABULÜ ile 10.500,00-TL manevi tazminatın davalı ...'den alınarak davacı ...'a verilmesine, tazminata kaza tarihi 30/08/2011 tarihinden itibaren yasal faiz yürütülmesine, fazlaya dair istemin reddine,
D-Davacı ... yönünden;
Maddi tazminat davasının KABULÜ ile 18.290,30 TL sürekli iş göremezlik tazminatı, 1.677,78-TL geçici işgöremezlik tazminatı ve 1.757,70-TL bakım gideri tazminatı toplamı 21.725,78 TL'nin davalılardan müştereken ve müteselsilen alınarak davacı ...'a verilmesine, tazminata davalı ... yönünden kaza tarihi 30/08/2011'den, davalı sigorta şirketi yönünden dava tarihinden itibaren yasal faiz yürütülmesine, fazlaya dair istemin reddine,
Manevi tazminat davasının KISMEN KABULÜ ile 8.000,00-TL manevi tazminatın davalı ...'den alınarak davacı ...'a verilmesine, tazminata kaza tarihi 30/08/2011 tarihinden itibaren yasal faiz yürütülmesine, fazlaya dair istemin reddine,
E-HARÇ, YARGILAMA GİDERİ VE VEKALET ÜCRETLERİ YÖNÜNDEN;
Harçlar Kanunu gereğince alınması gereken 8.216,09 TL harçtan peşin olarak alınan 211,00-TL ile ıslah harcı olarak alınan 302,88-TL harcın mahsubu ile bakiye 7.702,21 TL'nin davalılardan alınarak hazineye gelir kaydına, (davalı sigorta şirketinin sorumluluğu 5.652,91 TL ile sınırlıdır)
Karar tarihinde yürürlükte bulunan Avukatlık Asgari Ücret Tarifesinin 13/2 md uyarınca davacı ... yararına kabul edilen maddi tazminat yönünden takdir edilen 98,86-TL vekalet ücretinin davalılardan alınıp iş bu davacıya verilmesine,
Karar tarihinde yürürlükte bulunan Avukatlık Asgari Ücret Tarifesinin 13/2 md uyarınca davacı ... yararına kabul edilen manevi tazminat yönünden takdir edilen 6.000,00 TL vekalet ücretinin davalı ...'den alınıp iş bu davacıya verilmesine,
Karar tarihinde yürürlükte bulunan Avukatlık Asgari Ücret Tarifesi uyarınca davacı ... yönünden reddedilen maddi tazminat uyarınca takdir edilen 151,14-TL vekalet ücretinin iş bu davacıdan alınarak, kendilerini vekille temsil ettiren davalılara verilmesine,
Karar tarihinde yürürlükte bulunan Avukatlık Asgari Ücret Tarifesinin 13/2 md uyarınca davacı ... yararına kabul edilen manevi tazminat yönünden takdir edilen 5.500,00-TL vekalet ücretinin davalı ...'den alınıp iş bu davacıya verilmesine,
Karar tarihinde yürürlükte bulunan Avukatlık Asgari Ücret Tarifesinin 13/2 md uyarınca davacı ... yönünden reddedilen maddi tazminat uyarınca takdir edilen 250,00 TL vekalet ücretinin iş bu davacıdan alınarak, kendilerini vekille temsil ettiren davalılara verilmesine,
Karar tarihinde yürürlükte bulunan Avukatlık Asgari Ücret Tarifesi uyarınca davacı ... yararına kabul edilen maddi tazminat yönünden takdir edilen 17.900,00 TL vekalet ücretinin davalılardan alınıp iş bu davacıya verilmesine,
Karar tarihinde yürürlükte bulunan Avukatlık Asgari Ücret Tarifesinin 13/2 md uyarınca davacı ... yararına kabul edilen manevi tazminat yönünden takdir edilen 10.500,00 TL vekalet ücretinin davalı ...'den alınıp iş bu davacıya verilmesine,
Karar tarihinde yürürlükte bulunan Avukatlık Asgari Ücret Tarifesi uyarınca davacı ... yararına kabul edilen maddi tazminat yönünden takdir edilen 17.900,00 TL vekalet ücretinin davalılardan alınıp iş bu davacıya verilmesine,
Karar tarihinde yürürlükte bulunan Avukatlık Asgari Ücret Tarifesinin 13/2 md uyarınca davacı ... yararına kabul edilen manevi tazminat yönünden takdir edilen 8.000,00 TL vekalet ücretinin davalı ...'den alınıp iş bu davacıya verilmesine,
Davacılar tarafından peşin olarak yatırılan 211,00 TL ile ıslah harcı olarak yatırılan 302,88 TL toplamı 513,88-TL. harcın davalılardan alınarak davacılara verilmesine,
Davacı tarafından yapılan toplam 1.390,80 TL yargılama gideri ile Ege Üniversitesinin sağlık kurulu fatura bedeli olarak davacı tarafından yatırılan 1.343,54-TL toplamı 2.734,34‬-TL yargılama giderinin, davanın red ve kabul oranına göre taktiren 2.187,47 TL'sinin davalılardan alınarak davacıya verilmesine, bakiyenin davacılar üzerinde bırakılmasına,
Sarf edilmemiş gider avansının bulunması durumunda kararın kesinleşmesinden sonra yatıran taraflara iade edilmesine,
3-İstinaf yoluna başvuran davacıların ödediği istinaf karar harcının istek halinde davacılara iadesine,
4-İstinaf başvurusu nedeniyle davacılar tarafından yapılan 162,10 TL istinaf yoluna başvurma harcı ve 39,00 TL posta masrafı olmak üzere toplam 201,10 TL istinaf yargılama giderinin davalılardan alınarak davacılara verilmesine,
Dosya üzerinden yapılan inceleme neticesinde, HMK'nın 362/1-a maddesi uyarınca miktar itibariyle kesin olmak üzere 04.07.2024 tarihinde oy birliğiyle karar verildi."
